title,start_time,end_time,exercise_title,set_index,set_type,weight_lbs,reps,duration_seconds,date,typeOfExercise,primary_muscle_group
Home Gym - Wed,2026-07-28 18:49:00,2026-07-28 19:34:00,Shoulder Press (Dumbbell),0,normal,10.0,10.0,,2026-07-28,weighted,shoulders
Home Gym - Wed,2026-07-28 18:49:00,2026-07-28 19:34:00,Shoulder Press (Dumbbell),1,normal,10.0,10.0,,2026-07-28,weighted,shoulders
Home Gym - Wed,2026-07-28 18:49:00,2026-07-28 19:34:00,Shoulder Press (Dumbbell),2,normal,15.0,4.0,,2026-07-28,weighted,shoulders
Home Gym - Wed,2026-07-28 18:49:00,2026-07-28 19:34:00,Chest Fly (Dumbbell),0,normal,5.0,10.0,,2026-07-28,weighted,chest
Home Gym - Wed,2026-07-28 18:49:00,2026-07-28 19:34:00,Chest Fly (Dumbbell),1,normal,5.0,10.0,,2026-07-28,weighted,chest
Home Gym - Wed,2026-07-28 18:49:00,2026-07-28 19:34:00,Chest Fly (Dumbbell),2,normal,5.0,10.0,,2026-07-28,weighted,chest
Home Gym - Wed,2026-07-28 18:49:00,2026-07-28 19:34:00,Lateral Raise (Dumbbell),0,normal,5.0,10.0,,2026-07-28,weighted,shoulders
Home Gym - Wed,2026-07-28 18:49:00,2026-07-28 19:34:00,Lateral Raise (Dumbbell),1,normal,5.0,10.0,,2026-07-28,weighted,shoulders
Home Gym - Wed,2026-07-28 18:49:00,2026-07-28 19:34:00,Lateral Raise (Dumbbell),2,normal,5.0,12.0,,2026-07-28,weighted,shoulders
Home Gym - Wed,2026-07-28 18:49:00,2026-07-28 19:34:00,Triceps Kickback (Dumbbell),0,normal,5.0,10.0,,2026-07-28,weighted,triceps
Home Gym - Wed,2026-07-28 18:49:00,2026-07-28 19:34:00,Triceps Kickback (Dumbbell),1,normal,5.0,10.0,,2026-07-28,weighted,triceps
Home Gym - Wed,2026-07-28 18:49:00,2026-07-28 19:34:00,Triceps Kickback (Dumbbell),2,normal,5.0,10.0,,2026-07-28,weighted,triceps
Home Gym - Wed,2026-07-28 18:49:00,2026-07-28 19:34:00,Stretching,0,normal,,,300.0,2026-07-28,timed,other
Home Gym - Wed,2026-07-28 18:49:00,2026-07-28 19:34:00,Dead Bug,0,normal,,10.0,,2026-07-28,bodyweight,abdominals
Home Gym - Wed,2026-07-28 18:49:00,2026-07-28 19:34:00,Dead Bug,1,normal,,10.0,,2026-07-28,bodyweight,abdominals
Home Gym - Wed,2026-07-28 18:49:00,2026-07-28 19:34:00,Dead Bug,2,normal,,8.0,,2026-07-28,bodyweight,abdominals
Home Gym - Wed,2026-07-28 18:49:00,2026-07-28 19:34:00,Scapular Pull Ups,0,normal,,5.0,,2026-07-28,bodyweight,upper_back
Home Gym - Wed,2026-07-28 18:49:00,2026-07-28 19:34:00,Scapular Pull Ups,1,normal,,5.0,,2026-07-28,bodyweight,upper_back
Real Gym - Fri,2026-07-27 15:13:00,2026-07-27 16:04:00,Lat Pulldown (Cable),0,normal,55.0,8.0,,2026-07-27,weighted,lats
Real Gym - Fri,2026-07-27 15:13:00,2026-07-27 16:04:00,Lat Pulldown (Cable),1,normal,55.0,8.0,,2026-07-27,weighted,lats
Real Gym - Fri,2026-07-27 15:13:00,2026-07-27 16:04:00,Lat Pulldown (Cable),2,normal,55.0,8.0,,2026-07-27,weighted,lats
Real Gym - Fri,2026-07-27 15:13:00,2026-07-27 16:04:00,Lat Pulldown (Cable),3,normal,40.0,12.0,,2026-07-27,weighted,lats
Real Gym - Fri,2026-07-27 15:13:00,2026-07-27 16:04:00,Seated Row (Machine),0,normal,55.0,10.0,,2026-07-27,weighted,upper_back
Real Gym - Fri,2026-07-27 15:13:00,2026-07-27 16:04:00,Seated Row (Machine),1,normal,55.0,10.0,,2026-07-27,weighted,upper_back
Real Gym - Fri,2026-07-27 15:13:00,2026-07-27 16:04:00,Seated Row (Machine),2,normal,40.0,12.0,,2026-07-27,weighted,upper_back
Real Gym - Fri,2026-07-27 15:13:00,2026-07-27 16:04:00,Face Pull,0,normal,5.0,10.0,,2026-07-27,weighted,shoulders
Real Gym - Fri,2026-07-27 15:13:00,2026-07-27 16:04:00,Face Pull,1,normal,5.0,10.0,,2026-07-27,weighted,shoulders
Real Gym - Fri,2026-07-27 15:13:00,2026-07-27 16:04:00,Face Pull,2,normal,2.5,15.0,,2026-07-27,weighted,shoulders
Real Gym - Fri,2026-07-27 15:13:00,2026-07-27 16:04:00,Hanging Knee Raise,0,normal,,4.0,,2026-07-27,bodyweight,abdominals
Real Gym - Fri,2026-07-27 15:13:00,2026-07-27 16:04:00,Hanging Knee Raise,1,normal,,8.0,,2026-07-27,bodyweight,abdominals
Real Gym - Fri,2026-07-27 15:13:00,2026-07-27 16:04:00,Hanging Knee Raise,2,normal,,5.0,,2026-07-27,bodyweight,abdominals
Real Gym - Fri,2026-07-27 15:13:00,2026-07-27 16:04:00,Stretching,0,normal,,,510.0,2026-07-27,timed,other
Real Gym - Fri,2026-07-27 15:13:00,2026-07-27 16:04:00,Leg Press (Machine),0,normal,85.0,12.0,,2026-07-27,weighted,quadriceps
Real Gym - Fri,2026-07-27 15:13:00,2026-07-27 16:04:00,Leg Press (Machine),1,normal,85.0,10.0,,2026-07-27,weighted,quadriceps
Real Gym - Fri,2026-07-27 15:13:00,2026-07-27 16:04:00,Leg Press (Machine),2,normal,100.0,10.0,,2026-07-27,weighted,quadriceps
Real Gym - Fri,2026-07-27 15:13:00,2026-07-27 16:04:00,Calf Press (Machine),0,normal,85.0,12.0,,2026-07-27,weighted,calves
Real Gym - Fri,2026-07-27 15:13:00,2026-07-27 16:04:00,Calf Press (Machine),1,normal,100.0,12.0,,2026-07-27,weighted,calves
Real Gym - Fri,2026-07-27 15:13:00,2026-07-27 16:04:00,Dead Bug,0,normal,,10.0,,2026-07-27,bodyweight,abdominals
Real Gym - Fri,2026-07-27 15:13:00,2026-07-27 16:04:00,Dead Bug,1,normal,,10.0,,2026-07-27,bodyweight,abdominals
Real Gym - Fri,2026-07-27 15:13:00,2026-07-27 16:04:00,Dead Bug,2,normal,,8.0,,2026-07-27,bodyweight,abdominals
Real Gym - Fri,2026-07-27 15:13:00,2026-07-27 16:04:00,Scapular Pull Ups,0,normal,,5.0,,2026-07-27,bodyweight,upper_back
Real Gym - Fri,2026-07-27 15:13:00,2026-07-27 16:04:00,Scapular Pull Ups,1,normal,,5.0,,2026-07-27,bodyweight,upper_back
Real Gym - Fri,2026-07-27 15:13:00,2026-07-27 16:04:00,Scapular Pull Ups,2,normal,,5.0,,2026-07-27,bodyweight,upper_back
Afternoon workout 💪,2026-07-21 18:08:00,2026-07-21 18:53:00,HIIT,0,normal,,,2700.0,2026-07-21,timed,cardio
Real Gym - Fri,2026-07-20 12:09:00,2026-07-20 12:53:00,Lat Pulldown (Cable),0,normal,55.0,8.0,,2026-07-20,weighted,lats
Real Gym - Fri,2026-07-20 12:09:00,2026-07-20 12:53:00,Lat Pulldown (Cable),1,normal,55.0,8.0,,2026-07-20,weighted,lats
Real Gym - Fri,2026-07-20 12:09:00,2026-07-20 12:53:00,Lat Pulldown (Cable),2,normal,55.0,8.0,,2026-07-20,weighted,lats
Real Gym - Fri,2026-07-20 12:09:00,2026-07-20 12:53:00,Lat Pulldown (Cable),3,normal,40.0,12.0,,2026-07-20,weighted,lats
Real Gym - Fri,2026-07-20 12:09:00,2026-07-20 12:53:00,Seated Row (Machine),0,normal,55.0,8.0,,2026-07-20,weighted,upper_back
Real Gym - Fri,2026-07-20 12:09:00,2026-07-20 12:53:00,Seated Row (Machine),1,normal,55.0,8.0,,2026-07-20,weighted,upper_back
Real Gym - Fri,2026-07-20 12:09:00,2026-07-20 12:53:00,Seated Row (Machine),2,normal,40.0,12.0,,2026-07-20,weighted,upper_back
Real Gym - Fri,2026-07-20 12:09:00,2026-07-20 12:53:00,Face Pull,0,normal,2.5,15.0,,2026-07-20,weighted,shoulders
Real Gym - Fri,2026-07-20 12:09:00,2026-07-20 12:53:00,Face Pull,1,normal,5.0,10.0,,2026-07-20,weighted,shoulders
Real Gym - Fri,2026-07-20 12:09:00,2026-07-20 12:53:00,Face Pull,2,normal,5.0,10.0,,2026-07-20,weighted,shoulders
Real Gym - Fri,2026-07-20 12:09:00,2026-07-20 12:53:00,Hanging Knee Raise,0,normal,,4.0,,2026-07-20,bodyweight,abdominals
Real Gym - Fri,2026-07-20 12:09:00,2026-07-20 12:53:00,Hanging Knee Raise,1,normal,,4.0,,2026-07-20,bodyweight,abdominals
Real Gym - Fri,2026-07-20 12:09:00,2026-07-20 12:53:00,Stretching,0,normal,,,380.0,2026-07-20,timed,other
Real Gym - Fri,2026-07-20 12:09:00,2026-07-20 12:53:00,Incline Chest Press (Machine),0,normal,15.0,10.0,,2026-07-20,weighted,chest
Real Gym - Fri,2026-07-20 12:09:00,2026-07-20 12:53:00,Incline Chest Press (Machine),1,normal,15.0,6.0,,2026-07-20,weighted,chest
Real Gym - Fri,2026-07-20 12:09:00,2026-07-20 12:53:00,Leg Press (Machine),0,normal,70.0,10.0,,2026-07-20,weighted,quadriceps
Real Gym - Fri,2026-07-20 12:09:00,2026-07-20 12:53:00,Leg Press (Machine),1,normal,70.0,10.0,,2026-07-20,weighted,quadriceps
Real Gym - Fri,2026-07-20 12:09:00,2026-07-20 12:53:00,Calf Press (Machine),0,normal,70.0,12.0,,2026-07-20,weighted,calves
Real Gym - Fri,2026-07-20 12:09:00,2026-07-20 12:53:00,Calf Press (Machine),1,normal,85.0,12.0,,2026-07-20,weighted,calves
Real Gym - Fri,2026-07-20 12:09:00,2026-07-20 12:53:00,Dead Bug,0,normal,,10.0,,2026-07-20,bodyweight,abdominals
Real Gym - Fri,2026-07-20 12:09:00,2026-07-20 12:53:00,Dead Bug,1,normal,,10.0,,2026-07-20,bodyweight,abdominals
Evening workout 🏋️,2026-07-19 20:52:00,2026-07-19 20:54:00,Walking,0,normal,,,75.0,2026-07-19,timed,cardio
Evening workout 🏋️,2026-07-18 19:40:00,2026-07-18 20:40:00,Swimming,0,normal,,,3600.0,2026-07-18,timed,cardio
Late night workout 🌙,2026-07-18 02:51:00,2026-07-18 02:54:00,HIIT,0,normal,,,3600.0,2026-07-18,timed,cardio
Real Gym - Fri,2026-07-15 16:43:00,2026-07-15 17:27:00,Lat Pulldown (Cable),0,normal,40.0,10.0,,2026-07-15,weighted,lats
Real Gym - Fri,2026-07-15 16:43:00,2026-07-15 17:27:00,Lat Pulldown (Cable),1,normal,40.0,10.0,,2026-07-15,weighted,lats
Real Gym - Fri,2026-07-15 16:43:00,2026-07-15 17:27:00,Lat Pulldown (Cable),2,normal,40.0,10.0,,2026-07-15,weighted,lats
Real Gym - Fri,2026-07-15 16:43:00,2026-07-15 17:27:00,Lat Pulldown (Cable),3,normal,55.0,8.0,,2026-07-15,weighted,lats
Real Gym - Fri,2026-07-15 16:43:00,2026-07-15 17:27:00,Seated Row (Machine),0,normal,40.0,10.0,,2026-07-15,weighted,upper_back
Real Gym - Fri,2026-07-15 16:43:00,2026-07-15 17:27:00,Seated Row (Machine),1,normal,40.0,10.0,,2026-07-15,weighted,upper_back
Real Gym - Fri,2026-07-15 16:43:00,2026-07-15 17:27:00,Seated Row (Machine),2,normal,40.0,10.0,,2026-07-15,weighted,upper_back
Real Gym - Fri,2026-07-15 16:43:00,2026-07-15 17:27:00,Face Pull,0,normal,2.5,8.0,,2026-07-15,weighted,shoulders
Real Gym - Fri,2026-07-15 16:43:00,2026-07-15 17:27:00,Face Pull,1,normal,2.5,8.0,,2026-07-15,weighted,shoulders
Real Gym - Fri,2026-07-15 16:43:00,2026-07-15 17:27:00,Face Pull,2,normal,2.5,15.0,,2026-07-15,weighted,shoulders
Real Gym - Fri,2026-07-15 16:43:00,2026-07-15 17:27:00,Hanging Knee Raise,0,normal,,8.0,,2026-07-15,bodyweight,abdominals
Real Gym - Fri,2026-07-15 16:43:00,2026-07-15 17:27:00,Hanging Knee Raise,1,normal,,8.0,,2026-07-15,bodyweight,abdominals
Real Gym - Fri,2026-07-15 16:43:00,2026-07-15 17:27:00,Stretching,0,normal,,,403.0,2026-07-15,timed,other
Real Gym - Fri,2026-07-15 16:43:00,2026-07-15 17:27:00,Dead Bug,0,normal,,10.0,,2026-07-15,bodyweight,abdominals
Real Gym - Fri,2026-07-15 16:43:00,2026-07-15 17:27:00,Dead Bug,1,normal,,10.0,,2026-07-15,bodyweight,abdominals
Real Gym - Fri,2026-07-15 16:43:00,2026-07-15 17:27:00,Plank,0,normal,,,25.0,2026-07-15,timed,abdominals
Home Gym - Wed,2026-07-14 21:14:00,2026-07-14 21:49:00,Shoulder Press (Dumbbell),0,normal,10.0,10.0,,2026-07-14,weighted,shoulders
Home Gym - Wed,2026-07-14 21:14:00,2026-07-14 21:49:00,Shoulder Press (Dumbbell),1,normal,10.0,10.0,,2026-07-14,weighted,shoulders
Home Gym - Wed,2026-07-14 21:14:00,2026-07-14 21:49:00,Chest Fly (Dumbbell),0,normal,5.0,10.0,,2026-07-14,weighted,chest
Home Gym - Wed,2026-07-14 21:14:00,2026-07-14 21:49:00,Chest Fly (Dumbbell),1,normal,5.0,10.0,,2026-07-14,weighted,chest
Home Gym - Wed,2026-07-14 21:14:00,2026-07-14 21:49:00,Incline Bench Press (Dumbbell),0,normal,10.0,8.0,,2026-07-14,weighted,chest
Home Gym - Wed,2026-07-14 21:14:00,2026-07-14 21:49:00,Incline Bench Press (Dumbbell),1,normal,10.0,8.0,,2026-07-14,weighted,chest
Home Gym - Wed,2026-07-14 21:14:00,2026-07-14 21:49:00,Lateral Raise (Dumbbell),0,normal,5.0,10.0,,2026-07-14,weighted,shoulders
Home Gym - Wed,2026-07-14 21:14:00,2026-07-14 21:49:00,Lateral Raise (Dumbbell),1,normal,5.0,10.0,,2026-07-14,weighted,shoulders
Home Gym - Wed,2026-07-14 21:14:00,2026-07-14 21:49:00,Triceps Kickback (Dumbbell),0,normal,5.0,10.0,,2026-07-14,weighted,triceps
Home Gym - Wed,2026-07-14 21:14:00,2026-07-14 21:49:00,Triceps Kickback (Dumbbell),1,normal,5.0,10.0,,2026-07-14,weighted,triceps
Home Gym - Wed,2026-07-14 21:14:00,2026-07-14 21:49:00,Dead Bug,0,normal,,10.0,,2026-07-14,bodyweight,abdominals
Home Gym - Wed,2026-07-14 21:14:00,2026-07-14 21:49:00,Dead Bug,1,normal,,10.0,,2026-07-14,bodyweight,abdominals
Home Gym - Wed,2026-07-14 21:14:00,2026-07-14 21:49:00,Dead Bug,2,normal,,10.0,,2026-07-14,bodyweight,abdominals
Evening workout 🏋️,2026-07-10 20:53:00,2026-07-10 20:54:00,Cycling,0,normal,,,38.0,2026-07-10,timed,cardio
Late night workout 🌙,2026-07-03 23:41:00,2026-07-04 00:08:00,Squat (Bodyweight),0,normal,,10.0,,2026-07-03,bodyweight,quadriceps
Late night workout 🌙,2026-07-03 23:41:00,2026-07-04 00:08:00,Cat-Cow,0,normal,,8.0,,2026-07-03,bodyweight,abdominals
Late night workout 🌙,2026-07-03 23:41:00,2026-07-04 00:08:00,Band Pullaparts,0,normal,,12.0,,2026-07-03,bodyweight,shoulders
Late night workout 🌙,2026-07-03 23:41:00,2026-07-04 00:08:00,Band Pullaparts,1,normal,,12.0,,2026-07-03,bodyweight,shoulders
Late night workout 🌙,2026-07-03 23:41:00,2026-07-04 00:08:00,Band Pullaparts,2,normal,,12.0,,2026-07-03,bodyweight,shoulders
Late night workout 🌙,2026-07-03 23:41:00,2026-07-04 00:08:00,Kneeling Push Up,0,normal,,7.0,,2026-07-03,bodyweight,chest
Late night workout 🌙,2026-07-03 23:41:00,2026-07-04 00:08:00,Kneeling Push Up,1,normal,,7.0,,2026-07-03,bodyweight,chest
Late night workout 🌙,2026-07-03 23:41:00,2026-07-04 00:08:00,Bent Over Row (Band),0,normal,,12.0,,2026-07-03,bodyweight,upper_back
Late night workout 🌙,2026-07-03 23:41:00,2026-07-04 00:08:00,Bent Over Row (Band),1,normal,,10.0,,2026-07-03,bodyweight,upper_back
Late night workout 🌙,2026-07-03 23:41:00,2026-07-04 00:08:00,Bird Dog,0,normal,,8.0,,2026-07-03,bodyweight,glutes
Home Gym - Wed,2026-05-28 21:26:00,2026-05-28 22:19:00,Shoulder Press (Dumbbell),0,normal,10.0,10.0,,2026-05-28,weighted,shoulders
Home Gym - Wed,2026-05-28 21:26:00,2026-05-28 22:19:00,Shoulder Press (Dumbbell),1,normal,10.0,10.0,,2026-05-28,weighted,shoulders
Home Gym - Wed,2026-05-28 21:26:00,2026-05-28 22:19:00,Shoulder Press (Dumbbell),2,normal,10.0,10.0,,2026-05-28,weighted,shoulders
Home Gym - Wed,2026-05-28 21:26:00,2026-05-28 22:19:00,Chest Fly (Dumbbell),0,normal,5.0,10.0,,2026-05-28,weighted,chest
Home Gym - Wed,2026-05-28 21:26:00,2026-05-28 22:19:00,Chest Fly (Dumbbell),1,normal,5.0,6.0,,2026-05-28,weighted,chest
Home Gym - Wed,2026-05-28 21:26:00,2026-05-28 22:19:00,Chest Fly (Dumbbell),2,normal,5.0,10.0,,2026-05-28,weighted,chest
Home Gym - Wed,2026-05-28 21:26:00,2026-05-28 22:19:00,Incline Bench Press (Dumbbell),0,normal,10.0,10.0,,2026-05-28,weighted,chest
Home Gym - Wed,2026-05-28 21:26:00,2026-05-28 22:19:00,Lateral Raise (Dumbbell),0,normal,5.0,10.0,,2026-05-28,weighted,shoulders
Home Gym - Wed,2026-05-28 21:26:00,2026-05-28 22:19:00,Lateral Raise (Dumbbell),1,normal,5.0,6.0,,2026-05-28,weighted,shoulders
Home Gym - Wed,2026-05-28 21:26:00,2026-05-28 22:19:00,Triceps Kickback (Dumbbell),0,normal,5.0,8.0,,2026-05-28,weighted,triceps
Home Gym - Wed,2026-05-28 21:26:00,2026-05-28 22:19:00,Triceps Kickback (Dumbbell),1,normal,5.0,8.0,,2026-05-28,weighted,triceps
Home Gym - Wed,2026-05-28 21:26:00,2026-05-28 22:19:00,Triceps Kickback (Dumbbell),2,normal,5.0,8.0,,2026-05-28,weighted,triceps
Home Gym - Wed,2026-05-28 21:26:00,2026-05-28 22:19:00,Dead Bug,0,normal,,8.0,,2026-05-28,bodyweight,abdominals
Home Gym - Wed,2026-05-28 21:26:00,2026-05-28 22:19:00,Dead Bug,1,normal,,8.0,,2026-05-28,bodyweight,abdominals
Home Gym - Wed,2026-05-28 21:26:00,2026-05-28 22:19:00,Dead Bug,2,normal,,10.0,,2026-05-28,bodyweight,abdominals
Home Gym - Wed,2026-05-28 21:26:00,2026-05-28 22:19:00,Stretching,0,normal,,,300.0,2026-05-28,timed,other
Home Gym - Wed,2026-05-28 21:26:00,2026-05-28 22:19:00,Hip Thrust (Barbell),0,normal,10.0,10.0,,2026-05-28,weighted,glutes
Home Gym - Wed,2026-05-28 21:26:00,2026-05-28 22:19:00,Hip Thrust (Barbell),1,normal,10.0,10.0,,2026-05-28,weighted,glutes
Afternoon workout 💪,2026-05-25 17:07:00,2026-05-25 17:48:00,Stretching,0,normal,,,300.0,2026-05-25,timed,other
Afternoon workout 💪,2026-05-25 17:07:00,2026-05-25 17:48:00,Chest Supported Reverse Fly (Dumbbell),0,normal,5.0,8.0,,2026-05-25,weighted,shoulders
Afternoon workout 💪,2026-05-25 17:07:00,2026-05-25 17:48:00,Chest Supported Reverse Fly (Dumbbell),1,normal,5.0,10.0,,2026-05-25,weighted,shoulders
Afternoon workout 💪,2026-05-25 17:07:00,2026-05-25 17:48:00,Hammer Curl (Dumbbell),0,normal,10.0,10.0,,2026-05-25,weighted,biceps
Afternoon workout 💪,2026-05-25 17:07:00,2026-05-25 17:48:00,Hammer Curl (Dumbbell),1,normal,10.0,8.0,,2026-05-25,weighted,biceps
Afternoon workout 💪,2026-05-25 17:07:00,2026-05-25 17:48:00,Dumbbell Row,0,normal,10.0,8.0,,2026-05-25,weighted,lats
Afternoon workout 💪,2026-05-25 17:07:00,2026-05-25 17:48:00,Dumbbell Row,1,normal,10.0,8.0,,2026-05-25,weighted,lats
Afternoon workout 💪,2026-05-25 17:07:00,2026-05-25 17:48:00,Pullover (Dumbbell),0,normal,10.0,8.0,,2026-05-25,weighted,lats
Afternoon workout 💪,2026-05-25 17:07:00,2026-05-25 17:48:00,Pullover (Dumbbell),1,normal,10.0,6.0,,2026-05-25,weighted,lats
Afternoon workout 💪,2026-05-25 17:07:00,2026-05-25 17:48:00,Shrug (Dumbbell),0,normal,10.0,10.0,,2026-05-25,weighted,traps
Afternoon workout 💪,2026-05-25 17:07:00,2026-05-25 17:48:00,Shrug (Dumbbell),1,normal,15.0,10.0,,2026-05-25,weighted,traps
Afternoon workout 💪,2026-05-25 17:07:00,2026-05-25 17:48:00,Shrug (Dumbbell),2,normal,15.0,10.0,,2026-05-25,weighted,traps
Afternoon workout 💪,2026-05-25 17:07:00,2026-05-25 17:48:00,Chest Supported Incline Row (Dumbbell),0,normal,7.0,10.0,,2026-05-25,weighted,upper_back
Afternoon workout 💪,2026-05-25 17:07:00,2026-05-25 17:48:00,Chest Supported Incline Row (Dumbbell),1,normal,10.0,12.0,,2026-05-25,weighted,upper_back
Afternoon workout 💪,2026-05-25 17:07:00,2026-05-25 17:48:00,Hanging Knee Raise,0,normal,,8.0,,2026-05-25,bodyweight,abdominals
Afternoon workout 💪,2026-05-25 17:07:00,2026-05-25 17:48:00,Triceps Kickback (Dumbbell),0,normal,5.0,8.0,,2026-05-25,weighted,triceps
Afternoon workout 💪,2026-05-25 17:07:00,2026-05-25 17:48:00,Triceps Kickback (Dumbbell),1,normal,5.0,8.0,,2026-05-25,weighted,triceps
Afternoon workout 💪,2026-05-25 17:07:00,2026-05-25 17:48:00,Shoulder Press (Dumbbell),0,normal,10.0,10.0,,2026-05-25,weighted,shoulders
Afternoon workout 💪,2026-05-25 17:07:00,2026-05-25 17:48:00,Shoulder Press (Dumbbell),1,normal,10.0,6.0,,2026-05-25,weighted,shoulders
Afternoon workout 💪,2026-05-25 17:07:00,2026-05-25 17:48:00,Romanian Deadlift (Dumbbell),0,normal,10.0,8.0,,2026-05-25,weighted,hamstrings
Afternoon workout 💪,2026-05-25 17:07:00,2026-05-25 17:48:00,Romanian Deadlift (Dumbbell),1,normal,5.0,10.0,,2026-05-25,weighted,hamstrings
Evening workout 🏋️,2026-05-24 20:47:00,2026-05-24 21:12:00,Walking,0,normal,,,1500.0,2026-05-24,timed,cardio
Home - Mon/Thurs/Sat,2026-05-23 22:42:00,2026-05-23 23:01:00,Squat (Bodyweight),0,normal,,10.0,,2026-05-23,bodyweight,quadriceps
Home - Mon/Thurs/Sat,2026-05-23 22:42:00,2026-05-23 23:01:00,Squat (Bodyweight),1,normal,,10.0,,2026-05-23,bodyweight,quadriceps
Home - Mon/Thurs/Sat,2026-05-23 22:42:00,2026-05-23 23:01:00,Bent Over Row (Band),0,normal,,10.0,,2026-05-23,bodyweight,upper_back
Home - Mon/Thurs/Sat,2026-05-23 22:42:00,2026-05-23 23:01:00,Bent Over Row (Band),1,normal,,10.0,,2026-05-23,bodyweight,upper_back
Home - Mon/Thurs/Sat,2026-05-23 22:42:00,2026-05-23 23:01:00,Bent Over Row (Band),2,normal,,10.0,,2026-05-23,bodyweight,upper_back
Home - Mon/Thurs/Sat,2026-05-23 22:42:00,2026-05-23 23:01:00,Incline Push Ups,0,normal,,10.0,,2026-05-23,bodyweight,chest
Home - Mon/Thurs/Sat,2026-05-23 22:42:00,2026-05-23 23:01:00,Incline Push Ups,1,normal,,10.0,,2026-05-23,bodyweight,chest
Home - Mon/Thurs/Sat,2026-05-23 22:42:00,2026-05-23 23:01:00,Glute Bridge,0,normal,,10.0,,2026-05-23,bodyweight,glutes
Home - Mon/Thurs/Sat,2026-05-23 22:42:00,2026-05-23 23:01:00,Glute Bridge,1,normal,,10.0,,2026-05-23,bodyweight,glutes
Home - Mon/Thurs/Sat,2026-05-23 22:42:00,2026-05-23 23:01:00,Heel Taps,0,normal,,10.0,,2026-05-23,bodyweight,abdominals
Home - Mon/Thurs/Sat,2026-05-23 22:42:00,2026-05-23 23:01:00,Heel Taps,1,normal,,8.0,,2026-05-23,bodyweight,abdominals
Home - Mon/Thurs/Sat,2026-05-23 22:42:00,2026-05-23 23:01:00,Dead Bug,0,normal,,8.0,,2026-05-23,bodyweight,abdominals
Home - Mon/Thurs/Sat,2026-05-23 22:42:00,2026-05-23 23:01:00,Dead Bug,1,normal,,7.0,,2026-05-23,bodyweight,abdominals
Home - Mon/Thurs/Sat,2026-05-23 22:42:00,2026-05-23 23:01:00,Plank,0,normal,,,34.0,2026-05-23,timed,abdominals
Home - Mon/Thurs/Sat,2026-05-23 22:42:00,2026-05-23 23:01:00,Plank,1,normal,,,30.0,2026-05-23,timed,abdominals
Home - Mon/Thurs/Sat,2026-05-23 22:42:00,2026-05-23 23:01:00,Push Up,0,normal,,2.0,,2026-05-23,bodyweight,chest
Home - Mon/Thurs/Sat,2026-05-23 22:42:00,2026-05-23 23:01:00,HIIT,0,normal,,,600.0,2026-05-23,timed,cardio
Afternoon workout 💪,2026-05-19 12:45:00,2026-05-19 13:00:00,HIIT,0,normal,,,600.0,2026-05-19,timed,cardio
Afternoon workout 💪,2026-05-19 12:45:00,2026-05-19 13:00:00,HIIT,1,normal,,,300.0,2026-05-19,timed,cardio
Afternoon workout 💪,2026-05-18 16:13:00,2026-05-18 16:57:00,HIIT,0,normal,,,300.0,2026-05-18,timed,cardio
Afternoon workout 💪,2026-05-18 16:13:00,2026-05-18 16:57:00,HIIT,1,normal,,,2311.0,2026-05-18,timed,cardio
Home - Mon/Thurs/Sat,2026-05-11 21:45:00,2026-05-11 23:09:00,Squat (Bodyweight),0,normal,,10.0,,2026-05-11,bodyweight,quadriceps
Home - Mon/Thurs/Sat,2026-05-11 21:45:00,2026-05-11 23:09:00,Squat (Bodyweight),1,normal,,10.0,,2026-05-11,bodyweight,quadriceps
Home - Mon/Thurs/Sat,2026-05-11 21:45:00,2026-05-11 23:09:00,Bent Over Row (Band),0,normal,,10.0,,2026-05-11,bodyweight,upper_back
Home - Mon/Thurs/Sat,2026-05-11 21:45:00,2026-05-11 23:09:00,Bent Over Row (Band),1,normal,,10.0,,2026-05-11,bodyweight,upper_back
Home - Mon/Thurs/Sat,2026-05-11 21:45:00,2026-05-11 23:09:00,Bent Over Row (Band),2,normal,,10.0,,2026-05-11,bodyweight,upper_back
Home - Mon/Thurs/Sat,2026-05-11 21:45:00,2026-05-11 23:09:00,Dead Bug,0,normal,,10.0,,2026-05-11,bodyweight,abdominals
Home - Mon/Thurs/Sat,2026-05-11 21:45:00,2026-05-11 23:09:00,Dead Bug,1,normal,,10.0,,2026-05-11,bodyweight,abdominals
GYM - Monday/Friday,2026-05-05 13:57:00,2026-05-05 14:32:00,Dead Bug,0,normal,,10.0,,2026-05-05,bodyweight,abdominals
GYM - Monday/Friday,2026-05-05 13:57:00,2026-05-05 14:32:00,Dead Bug,1,normal,,10.0,,2026-05-05,bodyweight,abdominals
GYM - Monday/Friday,2026-05-05 13:57:00,2026-05-05 14:32:00,Lat Pulldown (Cable),0,normal,55.0,10.0,,2026-05-05,weighted,lats
GYM - Monday/Friday,2026-05-05 13:57:00,2026-05-05 14:32:00,Lat Pulldown (Cable),1,normal,55.0,4.0,,2026-05-05,weighted,lats
GYM - Monday/Friday,2026-05-05 13:57:00,2026-05-05 14:32:00,Lat Pulldown (Cable),2,normal,40.0,10.0,,2026-05-05,weighted,lats
GYM - Monday/Friday,2026-05-05 13:57:00,2026-05-05 14:32:00,Seated Row (Machine),0,normal,55.0,5.0,,2026-05-05,weighted,upper_back
GYM - Monday/Friday,2026-05-05 13:57:00,2026-05-05 14:32:00,Seated Row (Machine),1,normal,40.0,10.0,,2026-05-05,weighted,upper_back
GYM - Monday/Friday,2026-05-05 13:57:00,2026-05-05 14:32:00,Knee Raise Parallel Bars,0,normal,,10.0,,2026-05-05,bodyweight,abdominals
GYM - Monday/Friday,2026-05-05 13:57:00,2026-05-05 14:32:00,Knee Raise Parallel Bars,1,normal,,10.0,,2026-05-05,bodyweight,abdominals
GYM - Monday/Friday,2026-05-05 13:57:00,2026-05-05 14:32:00,Knee Raise Parallel Bars,2,normal,,10.0,,2026-05-05,bodyweight,abdominals
GYM - Monday/Friday,2026-05-05 13:57:00,2026-05-05 14:32:00,Stretching,0,normal,,,120.0,2026-05-05,timed,other
GYM - Monday/Friday,2026-05-05 13:57:00,2026-05-05 14:32:00,Leg Raise Parallel Bars,0,normal,,6.0,,2026-05-05,bodyweight,abdominals
GYM - Monday/Friday,2026-05-05 13:57:00,2026-05-05 14:32:00,Leg Press (Machine),0,normal,70.0,10.0,,2026-05-05,weighted,quadriceps
GYM - Monday/Friday,2026-05-05 13:57:00,2026-05-05 14:32:00,Leg Press (Machine),1,normal,70.0,10.0,,2026-05-05,weighted,quadriceps
GYM - Monday/Friday,2026-05-05 13:57:00,2026-05-05 14:32:00,Leg Press (Machine),2,normal,70.0,10.0,,2026-05-05,weighted,quadriceps
GYM - Monday/Friday,2026-05-05 13:57:00,2026-05-05 14:32:00,Calf Press (Machine),0,normal,70.0,10.0,,2026-05-05,weighted,calves
GYM - Monday/Friday,2026-05-05 13:57:00,2026-05-05 14:32:00,Calf Press (Machine),1,normal,70.0,10.0,,2026-05-05,weighted,calves
GYM - Monday/Friday,2026-05-05 13:57:00,2026-05-05 14:32:00,Squat (Smith Machine),0,normal,,10.0,,2026-05-05,bodyweight,quadriceps
GYM - Monday/Friday,2026-05-05 13:57:00,2026-05-05 14:32:00,Squat (Smith Machine),1,normal,,10.0,,2026-05-05,bodyweight,quadriceps
GYM - Monday/Friday,2026-05-05 13:57:00,2026-05-05 14:32:00,Face Pull,0,normal,3.4,12.0,,2026-05-05,weighted,shoulders
GYM - Monday/Friday,2026-05-05 13:57:00,2026-05-05 14:32:00,Face Pull,1,normal,3.4,12.0,,2026-05-05,weighted,shoulders
GYM - Monday/Friday,2026-05-05 13:57:00,2026-05-05 14:32:00,Dead Hang,0,normal,,,17.0,2026-05-05,timed,upper_back
GYM - Monday/Friday,2026-05-05 13:57:00,2026-05-05 14:32:00,Dead Hang,1,normal,,,10.0,2026-05-05,timed,upper_back
GYM - Monday/Friday,2026-05-05 13:57:00,2026-05-05 14:32:00,Negative Pull Up,0,normal,,3.0,,2026-05-05,bodyweight,lats
GYM - Monday/Friday,2026-05-05 13:57:00,2026-05-05 14:32:00,Bench Press (Smith Machine),0,normal,15.0,8.0,,2026-05-05,weighted,chest
GYM - Monday/Friday,2026-05-05 13:57:00,2026-05-05 14:32:00,Bench Press (Smith Machine),1,normal,15.0,8.0,,2026-05-05,weighted,chest
GYM - Monday/Friday,2026-05-05 13:57:00,2026-05-05 14:32:00,Incline Push Ups,0,normal,,5.0,,2026-05-05,bodyweight,chest
GYM - Monday/Friday,2026-05-05 13:57:00,2026-05-05 14:32:00,Incline Push Ups,1,normal,,5.0,,2026-05-05,bodyweight,chest
GYM - Monday/Friday,2026-05-05 13:57:00,2026-05-05 14:32:00,Incline Push Ups,2,normal,,8.0,,2026-05-05,bodyweight,chest
Evening workout 🏋️,2026-05-04 18:39:00,2026-05-04 19:30:00,Standing Calf Raise,0,normal,,12.0,,2026-05-04,bodyweight,calves
Evening workout 🏋️,2026-05-04 18:39:00,2026-05-04 19:30:00,Standing Calf Raise,1,normal,,12.0,,2026-05-04,bodyweight,calves
Evening workout 🏋️,2026-05-04 18:39:00,2026-05-04 19:30:00,Standing Calf Raise,2,normal,,12.0,,2026-05-04,bodyweight,calves
Evening workout 🏋️,2026-05-04 18:39:00,2026-05-04 19:30:00,Seated Palms Up Wrist Curl,0,normal,5.0,10.0,,2026-05-04,weighted,forearms
Evening workout 🏋️,2026-05-04 18:39:00,2026-05-04 19:30:00,Seated Palms Up Wrist Curl,1,normal,5.0,8.0,,2026-05-04,weighted,forearms
Evening workout 🏋️,2026-05-04 18:39:00,2026-05-04 19:30:00,Bicep Curl (Dumbbell),0,normal,5.0,10.0,,2026-05-04,weighted,biceps
Evening workout 🏋️,2026-05-04 18:39:00,2026-05-04 19:30:00,Bicep Curl (Dumbbell),1,normal,5.0,10.0,,2026-05-04,weighted,biceps
Evening workout 🏋️,2026-05-04 18:39:00,2026-05-04 19:30:00,Bicep Curl (Dumbbell),2,normal,5.0,10.0,,2026-05-04,weighted,biceps
Evening workout 🏋️,2026-05-04 18:39:00,2026-05-04 19:30:00,Dumbbell Row,0,normal,10.0,6.0,,2026-05-04,weighted,lats
Evening workout 🏋️,2026-05-04 18:39:00,2026-05-04 19:30:00,Dumbbell Row,1,normal,10.0,6.0,,2026-05-04,weighted,lats
Evening workout 🏋️,2026-05-04 18:39:00,2026-05-04 19:30:00,Pullover (Dumbbell),0,normal,5.0,14.0,,2026-05-04,weighted,lats
Evening workout 🏋️,2026-05-04 18:39:00,2026-05-04 19:30:00,Lateral Raise (Dumbbell),0,normal,5.0,8.0,,2026-05-04,weighted,shoulders
Evening workout 🏋️,2026-05-04 18:39:00,2026-05-04 19:30:00,Lateral Raise (Dumbbell),1,normal,5.0,4.0,,2026-05-04,weighted,shoulders
Evening workout 🏋️,2026-05-04 18:39:00,2026-05-04 19:30:00,Overhead Press (Dumbbell),0,normal,10.0,10.0,,2026-05-04,weighted,shoulders
Evening workout 🏋️,2026-05-04 18:39:00,2026-05-04 19:30:00,Overhead Press (Dumbbell),1,normal,10.0,7.0,,2026-05-04,weighted,shoulders
Evening workout 🏋️,2026-05-04 18:39:00,2026-05-04 19:30:00,Shrug (Dumbbell),0,normal,10.0,10.0,,2026-05-04,weighted,traps
Evening workout 🏋️,2026-05-04 18:39:00,2026-05-04 19:30:00,Shrug (Dumbbell),1,normal,10.0,10.0,,2026-05-04,weighted,traps
Evening workout 🏋️,2026-05-04 18:39:00,2026-05-04 19:30:00,Shrug (Dumbbell),2,normal,10.0,10.0,,2026-05-04,weighted,traps
Evening workout 🏋️,2026-05-04 18:39:00,2026-05-04 19:30:00,Bench Dip,0,normal,,10.0,,2026-05-04,bodyweight,triceps
Evening workout 🏋️,2026-05-04 18:39:00,2026-05-04 19:30:00,Bench Dip,1,normal,,6.0,,2026-05-04,bodyweight,triceps
Evening workout 🏋️,2026-05-04 18:39:00,2026-05-04 19:30:00,Dead Bug,0,normal,,8.0,,2026-05-04,bodyweight,abdominals
Evening workout 🏋️,2026-05-04 18:39:00,2026-05-04 19:30:00,Dead Bug,1,normal,,8.0,,2026-05-04,bodyweight,abdominals
Evening workout 🏋️,2026-05-04 18:39:00,2026-05-04 19:30:00,Plank,0,normal,,,19.0,2026-05-04,timed,abdominals
Evening workout 🏋️,2026-05-04 18:39:00,2026-05-04 19:30:00,Cat-Cow,0,normal,,10.0,,2026-05-04,bodyweight,abdominals
Evening workout 🏋️,2026-05-04 18:39:00,2026-05-04 19:30:00,Cat-Cow,1,normal,,10.0,,2026-05-04,bodyweight,abdominals
Evening workout 🏋️,2026-04-27 19:11:00,2026-04-27 20:56:00,Cycling,0,normal,,,6300.0,2026-04-27,timed,cardio
Home - Mon/Thurs/Sat,2026-04-25 00:19:00,2026-04-25 00:40:00,Squat (Bodyweight),0,normal,,12.0,,2026-04-25,bodyweight,quadriceps
Home - Mon/Thurs/Sat,2026-04-25 00:19:00,2026-04-25 00:40:00,Squat (Bodyweight),1,normal,,10.0,,2026-04-25,bodyweight,quadriceps
Home - Mon/Thurs/Sat,2026-04-25 00:19:00,2026-04-25 00:40:00,Squat (Bodyweight),2,normal,,10.0,,2026-04-25,bodyweight,quadriceps
Home - Mon/Thurs/Sat,2026-04-25 00:19:00,2026-04-25 00:40:00,Incline Push Ups,0,normal,,5.0,,2026-04-25,bodyweight,chest
Home - Mon/Thurs/Sat,2026-04-25 00:19:00,2026-04-25 00:40:00,Incline Push Ups,1,normal,,5.0,,2026-04-25,bodyweight,chest
Home - Mon/Thurs/Sat,2026-04-25 00:19:00,2026-04-25 00:40:00,Glute Bridge,0,normal,,10.0,,2026-04-25,bodyweight,glutes
Home - Mon/Thurs/Sat,2026-04-25 00:19:00,2026-04-25 00:40:00,Glute Bridge,1,normal,,10.0,,2026-04-25,bodyweight,glutes
Home - Mon/Thurs/Sat,2026-04-25 00:19:00,2026-04-25 00:40:00,Dead Bug,0,normal,,10.0,,2026-04-25,bodyweight,abdominals
Home - Mon/Thurs/Sat,2026-04-25 00:19:00,2026-04-25 00:40:00,Dead Bug,1,normal,,8.0,,2026-04-25,bodyweight,abdominals
Home - Mon/Thurs/Sat,2026-04-25 00:19:00,2026-04-25 00:40:00,Plank,0,normal,,,33.0,2026-04-25,timed,abdominals
Home - Mon/Thurs/Sat,2026-04-25 00:19:00,2026-04-25 00:40:00,Standing Calf Raise,0,normal,,12.0,,2026-04-25,bodyweight,calves
Home - Mon/Thurs/Sat,2026-04-25 00:19:00,2026-04-25 00:40:00,Standing Calf Raise,1,normal,,12.0,,2026-04-25,bodyweight,calves
Home - Mon/Thurs/Sat,2026-04-25 00:19:00,2026-04-25 00:40:00,Standing Calf Raise,2,normal,,12.0,,2026-04-25,bodyweight,calves
Home - Mon/Thurs/Sat,2026-04-25 00:19:00,2026-04-25 00:40:00,Lateral Leg Raises,0,normal,,12.0,,2026-04-25,bodyweight,glutes
Home - Mon/Thurs/Sat,2026-04-25 00:19:00,2026-04-25 00:40:00,Lateral Leg Raises,1,normal,,10.0,,2026-04-25,bodyweight,glutes
Home - Mon/Thurs/Sat,2026-04-25 00:19:00,2026-04-25 00:40:00,Push Up,0,normal,,4.0,,2026-04-25,bodyweight,chest
Home - Mon/Thurs/Sat,2026-04-25 00:19:00,2026-04-25 00:40:00,Push Up,1,normal,,4.0,,2026-04-25,bodyweight,chest
Home - Mon/Thurs/Sat,2026-04-25 00:19:00,2026-04-25 00:40:00,Aerobics,0,normal,,,1200.0,2026-04-25,timed,cardio
Home - Tues/Fri | Wed (YOUTUBE Pilates),2026-04-23 23:25:00,2026-04-23 23:59:00,Aerobics,0,normal,,,1800.0,2026-04-23,timed,cardio
Home - Tues/Fri | Wed (YOUTUBE Pilates),2026-04-23 23:25:00,2026-04-23 23:59:00,Band Pullaparts,0,normal,,12.0,,2026-04-23,bodyweight,shoulders
Home - Tues/Fri | Wed (YOUTUBE Pilates),2026-04-23 23:25:00,2026-04-23 23:59:00,Band Pullaparts,1,normal,,12.0,,2026-04-23,bodyweight,shoulders
Home - Tues/Fri | Wed (YOUTUBE Pilates),2026-04-23 23:25:00,2026-04-23 23:59:00,Band Pullaparts,2,normal,,12.0,,2026-04-23,bodyweight,shoulders
Home - Tues/Fri | Wed (YOUTUBE Pilates),2026-04-23 23:25:00,2026-04-23 23:59:00,Bent Over Row (Band),0,normal,,12.0,,2026-04-23,bodyweight,upper_back
Home - Tues/Fri | Wed (YOUTUBE Pilates),2026-04-23 23:25:00,2026-04-23 23:59:00,Bent Over Row (Band),1,normal,,12.0,,2026-04-23,bodyweight,upper_back
Home - Tues/Fri | Wed (YOUTUBE Pilates),2026-04-23 23:25:00,2026-04-23 23:59:00,Bent Over Row (Band),2,normal,,12.0,,2026-04-23,bodyweight,upper_back
Home - Tues/Fri | Wed (YOUTUBE Pilates),2026-04-23 23:25:00,2026-04-23 23:59:00,Hammer Curl (Band),0,normal,,10.0,,2026-04-23,bodyweight,biceps
Home - Tues/Fri | Wed (YOUTUBE Pilates),2026-04-23 23:25:00,2026-04-23 23:59:00,Hammer Curl (Band),1,normal,,10.0,,2026-04-23,bodyweight,biceps
Home - Tues/Fri | Wed (YOUTUBE Pilates),2026-04-23 23:25:00,2026-04-23 23:59:00,Plank,0,normal,,,34.0,2026-04-23,timed,abdominals
Home - Tues/Fri | Wed (YOUTUBE Pilates),2026-04-23 23:25:00,2026-04-23 23:59:00,Dead Bug,0,normal,,5.0,,2026-04-23,bodyweight,abdominals
Home - Tues/Fri | Wed (YOUTUBE Pilates),2026-04-23 23:25:00,2026-04-23 23:59:00,Dead Bug,1,normal,,5.0,,2026-04-23,bodyweight,abdominals
Home - Tues/Fri | Wed (YOUTUBE Pilates),2026-04-23 23:25:00,2026-04-23 23:59:00,Lying Leg Raise,0,normal,,8.0,,2026-04-23,bodyweight,abdominals
Home - Tues/Fri | Wed (YOUTUBE Pilates),2026-04-23 23:25:00,2026-04-23 23:59:00,Lying Leg Raise,1,normal,,8.0,,2026-04-23,bodyweight,abdominals
Home - Tues/Fri | Wed (YOUTUBE Pilates),2026-04-23 23:25:00,2026-04-23 23:59:00,Cat-Cow,0,normal,,8.0,,2026-04-23,bodyweight,abdominals
Home - Tues/Fri | Wed (YOUTUBE Pilates),2026-04-23 23:25:00,2026-04-23 23:59:00,Cat-Cow,1,normal,,8.0,,2026-04-23,bodyweight,abdominals
GYM - Tues | Wed | Thurs,2026-04-23 01:16:00,2026-04-23 01:43:00,Plank,0,normal,,,34.0,2026-04-23,timed,abdominals
GYM - Tues | Wed | Thurs,2026-04-23 01:16:00,2026-04-23 01:43:00,Plank,1,normal,,,32.0,2026-04-23,timed,abdominals
GYM - Tues | Wed | Thurs,2026-04-23 01:16:00,2026-04-23 01:43:00,Lateral Leg Raises,0,normal,,10.0,,2026-04-23,bodyweight,glutes
GYM - Tues | Wed | Thurs,2026-04-23 01:16:00,2026-04-23 01:43:00,Lateral Leg Raises,1,normal,,10.0,,2026-04-23,bodyweight,glutes
GYM - Tues | Wed | Thurs,2026-04-23 01:16:00,2026-04-23 01:43:00,Lying Leg Raise,0,normal,,8.0,,2026-04-23,bodyweight,abdominals
GYM - Tues | Wed | Thurs,2026-04-23 01:16:00,2026-04-23 01:43:00,Lying Leg Raise,1,normal,,8.0,,2026-04-23,bodyweight,abdominals
GYM - Tues | Wed | Thurs,2026-04-23 01:16:00,2026-04-23 01:43:00,Glute Bridge,0,normal,,12.0,,2026-04-23,bodyweight,glutes
GYM - Tues | Wed | Thurs,2026-04-23 01:16:00,2026-04-23 01:43:00,Glute Bridge,1,normal,,12.0,,2026-04-23,bodyweight,glutes
GYM - Tues | Wed | Thurs,2026-04-23 01:16:00,2026-04-23 01:43:00,Aerobics,0,normal,,,1500.0,2026-04-23,timed,cardio
GYM - Tues | Wed | Thurs,2026-04-23 01:16:00,2026-04-23 01:43:00,Standing Calf Raise,0,normal,,12.0,,2026-04-23,bodyweight,calves
GYM - Tues | Wed | Thurs,2026-04-23 01:16:00,2026-04-23 01:43:00,Standing Calf Raise,1,normal,,12.0,,2026-04-23,bodyweight,calves
GYM - Tues | Wed | Thurs,2026-04-23 01:16:00,2026-04-23 01:43:00,Standing Calf Raise,2,normal,,12.0,,2026-04-23,bodyweight,calves
GYM - Tues | Wed | Thurs,2026-04-22 20:57:00,2026-04-22 21:27:00,Lat Pulldown (Cable),0,normal,40.0,10.0,,2026-04-22,weighted,lats
GYM - Tues | Wed | Thurs,2026-04-22 20:57:00,2026-04-22 21:27:00,Lat Pulldown (Cable),1,normal,40.0,10.0,,2026-04-22,weighted,lats
GYM - Tues | Wed | Thurs,2026-04-22 20:57:00,2026-04-22 21:27:00,Lat Pulldown (Cable),2,normal,40.0,10.0,,2026-04-22,weighted,lats
GYM - Tues | Wed | Thurs,2026-04-22 20:57:00,2026-04-22 21:27:00,Seated Cable Row - Bar Grip,0,normal,55.0,10.0,,2026-04-22,weighted,upper_back
GYM - Tues | Wed | Thurs,2026-04-22 20:57:00,2026-04-22 21:27:00,Seated Cable Row - Bar Grip,1,normal,55.0,10.0,,2026-04-22,weighted,upper_back
GYM - Tues | Wed | Thurs,2026-04-22 20:57:00,2026-04-22 21:27:00,Seated Cable Row - Bar Grip,2,normal,55.0,10.0,,2026-04-22,weighted,upper_back
GYM - Tues | Wed | Thurs,2026-04-22 20:57:00,2026-04-22 21:27:00,Bench Press (Smith Machine),0,normal,20.0,5.0,,2026-04-22,weighted,chest
GYM - Tues | Wed | Thurs,2026-04-22 20:57:00,2026-04-22 21:27:00,Bench Press (Smith Machine),1,normal,20.0,5.0,,2026-04-22,weighted,chest
Home - Tues/Fri | Wed (YOUTUBE Pilates),2026-04-21 18:52:00,2026-04-21 19:12:00,Aerobics,0,normal,,,1200.0,2026-04-21,timed,cardio
Home - Tues/Fri | Wed (YOUTUBE Pilates),2026-04-20 22:37:00,2026-04-20 23:17:00,Aerobics,0,normal,,,2400.0,2026-04-20,timed,cardio
Evening workout 🏋️,2026-04-19 20:15:00,2026-04-19 20:50:00,HIIT,0,normal,,,2100.0,2026-04-19,timed,cardio
Home - Mon/Thurs/Sat,2026-04-19 14:23:00,2026-04-19 14:57:00,Squat (Bodyweight),0,normal,,10.0,,2026-04-19,bodyweight,quadriceps
Home - Mon/Thurs/Sat,2026-04-19 14:23:00,2026-04-19 14:57:00,Squat (Bodyweight),1,normal,,10.0,,2026-04-19,bodyweight,quadriceps
Home - Mon/Thurs/Sat,2026-04-19 14:23:00,2026-04-19 14:57:00,Squat (Bodyweight),2,normal,,10.0,,2026-04-19,bodyweight,quadriceps
Home - Mon/Thurs/Sat,2026-04-19 14:23:00,2026-04-19 14:57:00,Bent Over Row (Band),0,normal,,10.0,,2026-04-19,bodyweight,upper_back
Home - Mon/Thurs/Sat,2026-04-19 14:23:00,2026-04-19 14:57:00,Bent Over Row (Band),1,normal,,10.0,,2026-04-19,bodyweight,upper_back
Home - Mon/Thurs/Sat,2026-04-19 14:23:00,2026-04-19 14:57:00,Bent Over Row (Band),2,normal,,10.0,,2026-04-19,bodyweight,upper_back
Home - Mon/Thurs/Sat,2026-04-19 14:23:00,2026-04-19 14:57:00,Incline Push Ups,0,normal,,8.0,,2026-04-19,bodyweight,chest
Home - Mon/Thurs/Sat,2026-04-19 14:23:00,2026-04-19 14:57:00,Incline Push Ups,1,normal,,8.0,,2026-04-19,bodyweight,chest
Home - Mon/Thurs/Sat,2026-04-19 14:23:00,2026-04-19 14:57:00,Incline Push Ups,2,normal,,5.0,,2026-04-19,bodyweight,chest
Home - Mon/Thurs/Sat,2026-04-19 14:23:00,2026-04-19 14:57:00,Glute Bridge,0,normal,,12.0,,2026-04-19,bodyweight,glutes
Home - Mon/Thurs/Sat,2026-04-19 14:23:00,2026-04-19 14:57:00,Glute Bridge,1,normal,,12.0,,2026-04-19,bodyweight,glutes
Home - Mon/Thurs/Sat,2026-04-19 14:23:00,2026-04-19 14:57:00,Heel Taps,0,normal,,8.0,,2026-04-19,bodyweight,abdominals
Home - Mon/Thurs/Sat,2026-04-19 14:23:00,2026-04-19 14:57:00,Heel Taps,1,normal,,8.0,,2026-04-19,bodyweight,abdominals
Home - Mon/Thurs/Sat,2026-04-19 14:23:00,2026-04-19 14:57:00,Dead Bug,0,normal,,5.0,,2026-04-19,bodyweight,abdominals
Home - Mon/Thurs/Sat,2026-04-19 14:23:00,2026-04-19 14:57:00,Dead Bug,1,normal,,5.0,,2026-04-19,bodyweight,abdominals
Home - Mon/Thurs/Sat,2026-04-19 14:23:00,2026-04-19 14:57:00,Plank,0,normal,,,20.0,2026-04-19,timed,abdominals
Home - Mon/Thurs/Sat,2026-04-19 14:23:00,2026-04-19 14:57:00,Plank,1,normal,,,17.0,2026-04-19,timed,abdominals
Home - Mon/Thurs/Sat,2026-04-19 14:23:00,2026-04-19 14:57:00,Stretching,0,normal,,,153.0,2026-04-19,timed,other
Morning workout ☀️,2026-04-18 22:55:00,2026-04-19 00:40:00,HIIT,0,normal,,,6300.0,2026-04-18,timed,cardio
Home - Mon/Thurs/Sat,2026-04-17 21:30:00,2026-04-17 21:58:00,Lat Pulldown (Machine),0,normal,55.0,10.0,,2026-04-17,weighted,lats
Home - Mon/Thurs/Sat,2026-04-17 21:30:00,2026-04-17 21:58:00,Lat Pulldown (Machine),1,normal,55.0,8.0,,2026-04-17,weighted,lats
Home - Mon/Thurs/Sat,2026-04-17 21:30:00,2026-04-17 21:58:00,Lat Pulldown (Machine),2,normal,55.0,8.0,,2026-04-17,weighted,lats
Home - Mon/Thurs/Sat,2026-04-17 21:30:00,2026-04-17 21:58:00,Seated Row (Machine),0,normal,55.0,8.0,,2026-04-17,weighted,upper_back
Home - Mon/Thurs/Sat,2026-04-17 21:30:00,2026-04-17 21:58:00,Seated Row (Machine),1,normal,55.0,8.0,,2026-04-17,weighted,upper_back
Home - Mon/Thurs/Sat,2026-04-17 21:30:00,2026-04-17 21:58:00,Seated Row (Machine),2,normal,55.0,8.0,,2026-04-17,weighted,upper_back
Home - Mon/Thurs/Sat,2026-04-17 21:30:00,2026-04-17 21:58:00,Dead Hang,0,normal,,,26.0,2026-04-17,timed,upper_back
Home - Mon/Thurs/Sat,2026-04-17 21:30:00,2026-04-17 21:58:00,Leg Press (Machine),0,normal,70.0,8.0,,2026-04-17,weighted,quadriceps
Home - Mon/Thurs/Sat,2026-04-17 21:30:00,2026-04-17 21:58:00,Leg Press (Machine),1,normal,70.0,8.0,,2026-04-17,weighted,quadriceps
Home - Mon/Thurs/Sat,2026-04-17 21:30:00,2026-04-17 21:58:00,Leg Press (Machine),2,normal,80.0,8.0,,2026-04-17,weighted,quadriceps
Home - Mon/Thurs/Sat,2026-04-17 21:30:00,2026-04-17 21:58:00,Leg Press (Machine),3,normal,80.0,8.0,,2026-04-17,weighted,quadriceps
Home - Tues/Fri,2026-04-15 20:47:00,2026-04-15 21:17:00,Aerobics,0,normal,,,1800.0,2026-04-15,timed,cardio
Home - Tues/Fri,2026-04-14 22:35:00,2026-04-15 00:05:00,Aerobics,0,normal,,,5400.0,2026-04-14,timed,cardio
Burn that core / room,2026-03-18 00:07:00,2026-03-18 00:18:00,Ab Scissors,0,normal,,10.0,,2026-03-18,bodyweight,abdominals
Burn that core / room,2026-03-18 00:07:00,2026-03-18 00:18:00,Dead Bug,0,normal,,10.0,,2026-03-18,bodyweight,abdominals
Burn that core / room,2026-03-18 00:07:00,2026-03-18 00:18:00,Dead Bug,1,normal,,10.0,,2026-03-18,bodyweight,abdominals
Burn that core / room,2026-03-18 00:07:00,2026-03-18 00:18:00,Jackknife Sit Up,0,normal,,4.0,,2026-03-18,bodyweight,abdominals
Burn that core / room,2026-03-18 00:07:00,2026-03-18 00:18:00,Plank,0,normal,,,32.0,2026-03-18,timed,abdominals
Burn that core / room,2026-03-18 00:07:00,2026-03-18 00:18:00,Plank,1,normal,,,37.0,2026-03-18,timed,abdominals
Burn that core / room,2026-03-18 00:07:00,2026-03-18 00:18:00,Lying Leg Raise,0,normal,,5.0,,2026-03-18,bodyweight,abdominals
Burn that core / room,2026-03-18 00:07:00,2026-03-18 00:18:00,Lying Knee Raise,0,normal,,5.0,,2026-03-18,bodyweight,abdominals
Burn that core / room,2026-03-18 00:07:00,2026-03-18 00:18:00,Band Pullaparts,0,normal,,8.0,,2026-03-18,bodyweight,shoulders
Burn that core / room,2026-03-18 00:07:00,2026-03-18 00:18:00,Band Pullaparts,1,normal,,8.0,,2026-03-18,bodyweight,shoulders
Burn that core / room,2026-03-18 00:07:00,2026-03-18 00:18:00,Bent Over Row (Band),0,normal,,10.0,,2026-03-18,bodyweight,upper_back
Burn that core / room,2026-03-18 00:07:00,2026-03-18 00:18:00,Squat (Bodyweight),0,normal,,10.0,,2026-03-18,bodyweight,quadriceps
Burn that core / room,2026-03-18 00:07:00,2026-03-18 00:18:00,Squat (Bodyweight),1,normal,,10.0,,2026-03-18,bodyweight,quadriceps
Late night workout 🌙,2026-03-14 21:05:00,2026-03-14 23:15:00,Skating,0,normal,,,7800.0,2026-03-14,timed,cardio
Back - mat,2026-03-14 19:13:00,2026-03-14 19:40:00,Bent Over Row (Band),0,normal,,10.0,,2026-03-14,bodyweight,upper_back
Back - mat,2026-03-14 19:13:00,2026-03-14 19:40:00,Bent Over Row (Band),1,normal,,10.0,,2026-03-14,bodyweight,upper_back
Back - mat,2026-03-14 19:13:00,2026-03-14 19:40:00,Jump Rope,0,normal,,,300.0,2026-03-14,timed,cardio
Back - mat,2026-03-14 19:13:00,2026-03-14 19:40:00,Jump Rope,1,normal,,,304.0,2026-03-14,timed,cardio
Back - mat,2026-03-14 19:13:00,2026-03-14 19:40:00,Jump Rope,2,normal,,,278.0,2026-03-14,timed,cardio
Back - mat,2026-03-14 19:13:00,2026-03-14 19:40:00,Jump Rope,3,normal,,,33.0,2026-03-14,timed,cardio
Back - mat,2026-03-14 19:13:00,2026-03-14 19:40:00,Band Pullaparts,0,normal,,8.0,,2026-03-14,bodyweight,shoulders
Back - mat,2026-03-14 19:13:00,2026-03-14 19:40:00,Band Pullaparts,1,normal,,8.0,,2026-03-14,bodyweight,shoulders
Back - mat,2026-03-14 19:13:00,2026-03-14 19:40:00,Deadlift (Band),0,normal,,8.0,,2026-03-14,bodyweight,glutes
Back - mat,2026-03-14 19:13:00,2026-03-14 19:40:00,Ab Scissors,0,normal,,10.0,,2026-03-14,bodyweight,abdominals
Back - mat,2026-03-14 19:13:00,2026-03-14 19:40:00,Ab Scissors,1,normal,,10.0,,2026-03-14,bodyweight,abdominals
Back - mat,2026-03-14 00:09:00,2026-03-14 00:26:00,Superman,0,normal,,10.0,,2026-03-14,bodyweight,lower_back
Back - mat,2026-03-14 00:09:00,2026-03-14 00:26:00,Flutter Kicks,0,normal,,20.0,,2026-03-14,bodyweight,abdominals
Back - mat,2026-03-14 00:09:00,2026-03-14 00:26:00,Dead Bug,0,normal,,25.0,,2026-03-14,bodyweight,abdominals
Back - mat,2026-03-14 00:09:00,2026-03-14 00:26:00,Jackknife Sit Up,0,normal,,10.0,,2026-03-14,bodyweight,abdominals
Back - mat,2026-03-14 00:09:00,2026-03-14 00:26:00,Sit Up,0,normal,,20.0,,2026-03-14,bodyweight,abdominals
Back - mat,2026-03-14 00:09:00,2026-03-14 00:26:00,Plank,0,normal,,,30.0,2026-03-14,timed,abdominals
Back - mat,2026-03-14 00:09:00,2026-03-14 00:26:00,Lying Leg Raise,0,normal,,5.0,,2026-03-14,bodyweight,abdominals
Back - mat,2026-03-14 00:09:00,2026-03-14 00:26:00,Glute Kickback on Floor,0,normal,,20.0,,2026-03-14,bodyweight,glutes
Back - mat,2026-03-14 00:09:00,2026-03-14 00:26:00,Squat (Bodyweight),0,normal,,15.0,,2026-03-14,bodyweight,quadriceps
Back - mat,2026-03-14 00:09:00,2026-03-14 00:26:00,Russian Twist (Bodyweight),0,normal,,5.0,,2026-03-14,bodyweight,abdominals
Back - mat,2026-03-14 00:09:00,2026-03-14 00:26:00,Standing Calf Raise,0,normal,,15.0,,2026-03-14,bodyweight,calves
Back - mat,2026-03-14 00:09:00,2026-03-14 00:26:00,Crunch,0,normal,,11.0,,2026-03-14,bodyweight,abdominals
Back - mat,2026-03-14 00:09:00,2026-03-14 00:26:00,Incline Push Ups,0,normal,,10.0,,2026-03-14,bodyweight,chest
Evening Workout,2026-03-12 13:05:00,2026-03-12 13:41:00,Stretching,0,normal,,,180.0,2026-03-12,timed,other
Evening Workout,2026-03-12 13:05:00,2026-03-12 13:41:00,Jackknife Sit Up,0,normal,,20.0,,2026-03-12,bodyweight,abdominals
Evening Workout,2026-03-12 13:05:00,2026-03-12 13:41:00,Jackknife Sit Up,0,normal,,12.0,,2026-03-12,bodyweight,abdominals
Evening Workout,2026-03-12 13:05:00,2026-03-12 13:41:00,Dead Bug,0,normal,,25.0,,2026-03-12,bodyweight,abdominals
Evening Workout,2026-03-12 13:05:00,2026-03-12 13:41:00,Flutter Kicks,0,normal,,20.0,,2026-03-12,bodyweight,abdominals
Evening Workout,2026-03-12 13:05:00,2026-03-12 13:41:00,Lying Knee Raise,0,normal,,10.0,,2026-03-12,bodyweight,abdominals
Evening Workout,2026-03-12 13:05:00,2026-03-12 13:41:00,Sit Up,0,normal,,20.0,,2026-03-12,bodyweight,abdominals
Evening Workout,2026-03-12 13:05:00,2026-03-12 13:41:00,Mountain Climber,0,normal,,20.0,,2026-03-12,bodyweight,full_body
Evening Workout,2026-03-12 13:05:00,2026-03-12 13:41:00,Sumo Squat (Dumbbell),0,normal,,10.0,,2026-03-12,bodyweight,quadriceps
"Arms, Shoulders, Back & Chest",2026-03-10 13:31:00,2026-03-10 14:14:00,Stretching,0,normal,,,600.0,2026-03-10,timed,other
"Arms, Shoulders, Back & Chest",2026-03-10 13:31:00,2026-03-10 14:14:00,Bicep Curl (Dumbbell),0,normal,7.0,8.0,,2026-03-10,weighted,biceps
"Arms, Shoulders, Back & Chest",2026-03-10 13:31:00,2026-03-10 14:14:00,Triceps Extension (Dumbbell),0,normal,10.0,5.0,,2026-03-10,weighted,triceps
"Arms, Shoulders, Back & Chest",2026-03-10 13:31:00,2026-03-10 14:14:00,Shoulder Press (Dumbbell),0,normal,5.0,8.0,,2026-03-10,weighted,shoulders
"Arms, Shoulders, Back & Chest",2026-03-10 13:31:00,2026-03-10 14:14:00,Crunch,0,normal,,12.0,,2026-03-10,bodyweight,abdominals
"Arms, Shoulders, Back & Chest",2026-03-10 13:31:00,2026-03-10 14:14:00,Bench Dip,0,normal,,8.0,,2026-03-10,bodyweight,triceps
"Arms, Shoulders, Back & Chest",2026-03-10 13:31:00,2026-03-10 14:14:00,Bench Dip,1,normal,,8.0,,2026-03-10,bodyweight,triceps
"Arms, Shoulders, Back & Chest",2026-03-10 13:31:00,2026-03-10 14:14:00,Spinning,0,normal,,,390.0,2026-03-10,timed,cardio
"Arms, Shoulders, Back & Chest",2026-03-10 13:31:00,2026-03-10 14:14:00,Mountain Climber,0,normal,,8.0,,2026-03-10,bodyweight,full_body
"Arms, Shoulders, Back & Chest",2026-03-10 13:31:00,2026-03-10 14:14:00,Plank,0,normal,,,30.0,2026-03-10,timed,abdominals
"Arms, Shoulders, Back & Chest",2026-03-10 13:31:00,2026-03-10 14:14:00,Lying Leg Raise,0,normal,,5.0,,2026-03-10,bodyweight,abdominals
"Arms, Shoulders, Back & Chest",2026-03-10 13:31:00,2026-03-10 14:14:00,Side Plank,0,normal,,,30.0,2026-03-10,timed,abdominals
"Arms, Shoulders, Back & Chest",2026-03-10 13:31:00,2026-03-10 14:14:00,Side Plank,1,normal,,,30.0,2026-03-10,timed,abdominals
"Arms, Shoulders, Back & Chest",2026-02-27 13:41:00,2026-02-27 14:16:00,Stretching,0,normal,,,600.0,2026-02-27,timed,other
"Arms, Shoulders, Back & Chest",2026-02-27 13:41:00,2026-02-27 14:16:00,Reverse Curl (Dumbbell),0,normal,5.0,8.0,,2026-02-27,weighted,biceps
"Arms, Shoulders, Back & Chest",2026-02-27 13:41:00,2026-02-27 14:16:00,Triceps Extension (Dumbbell),0,normal,5.0,8.0,,2026-02-27,weighted,triceps
"Arms, Shoulders, Back & Chest",2026-02-27 13:41:00,2026-02-27 14:16:00,Arnold Press (Dumbbell),0,normal,5.0,8.0,,2026-02-27,weighted,shoulders
"Arms, Shoulders, Back & Chest",2026-02-27 13:41:00,2026-02-27 14:16:00,Arnold Press (Dumbbell),1,normal,5.0,8.0,,2026-02-27,weighted,shoulders
"Arms, Shoulders, Back & Chest",2026-02-27 13:41:00,2026-02-27 14:16:00,Arnold Press (Dumbbell),2,normal,5.0,8.0,,2026-02-27,weighted,shoulders
"Arms, Shoulders, Back & Chest",2026-02-27 13:41:00,2026-02-27 14:16:00,Front Raise (Dumbbell),0,normal,5.0,8.0,,2026-02-27,weighted,shoulders
"Arms, Shoulders, Back & Chest",2026-02-27 13:41:00,2026-02-27 14:16:00,Bench Press (Dumbbell),0,normal,5.0,8.0,,2026-02-27,weighted,chest
"Arms, Shoulders, Back & Chest",2026-02-27 13:41:00,2026-02-27 14:16:00,Bench Press (Dumbbell),1,normal,5.0,8.0,,2026-02-27,weighted,chest
"Arms, Shoulders, Back & Chest",2026-02-27 13:41:00,2026-02-27 14:16:00,Hip Thrust (Barbell),0,normal,5.0,10.0,,2026-02-27,weighted,glutes
"Arms, Shoulders, Back & Chest",2026-02-27 13:41:00,2026-02-27 14:16:00,Dumbbell Row,0,normal,5.0,8.0,,2026-02-27,weighted,lats
"Arms, Shoulders, Back & Chest",2026-02-27 13:41:00,2026-02-27 14:16:00,Dumbbell Row,1,normal,5.0,8.0,,2026-02-27,weighted,lats
"Arms, Shoulders, Back & Chest",2026-02-27 13:41:00,2026-02-27 14:16:00,Chest Supported Incline Row (Dumbbell),0,normal,8.0,5.0,,2026-02-27,weighted,upper_back
"Arms, Shoulders, Back & Chest",2026-02-27 13:41:00,2026-02-27 14:16:00,Chest Supported Incline Row (Dumbbell),1,normal,8.0,5.0,,2026-02-27,weighted,upper_back
"Arms, Shoulders, Back & Chest",2026-02-27 13:41:00,2026-02-27 14:16:00,Spinning,0,normal,,,370.0,2026-02-27,timed,cardio
"Arms, Shoulders, Back & Chest",2025-12-08 14:10:00,2025-12-08 14:38:00,Stretching,0,normal,,,600.0,2025-12-08,timed,other
"Arms, Shoulders, Back & Chest",2025-12-08 14:10:00,2025-12-08 14:38:00,Bicep Curl (Dumbbell),0,normal,10.0,8.0,,2025-12-08,weighted,biceps
"Arms, Shoulders, Back & Chest",2025-12-08 14:10:00,2025-12-08 14:38:00,Bicep Curl (Dumbbell),1,normal,5.0,16.0,,2025-12-08,weighted,biceps
"Arms, Shoulders, Back & Chest",2025-12-08 14:10:00,2025-12-08 14:38:00,Triceps Extension (Dumbbell),0,normal,10.0,8.0,,2025-12-08,weighted,triceps
"Arms, Shoulders, Back & Chest",2025-12-08 14:10:00,2025-12-08 14:38:00,Triceps Extension (Dumbbell),1,normal,7.0,8.0,,2025-12-08,weighted,triceps
"Arms, Shoulders, Back & Chest",2025-12-08 14:10:00,2025-12-08 14:38:00,Shoulder Press (Dumbbell),0,normal,10.0,8.0,,2025-12-08,weighted,shoulders
"Arms, Shoulders, Back & Chest",2025-12-08 14:10:00,2025-12-08 14:38:00,Shoulder Press (Dumbbell),1,normal,5.0,5.0,,2025-12-08,weighted,shoulders
"Arms, Shoulders, Back & Chest",2025-12-08 14:10:00,2025-12-08 14:38:00,Shoulder Press (Dumbbell),2,normal,5.0,5.0,,2025-12-08,weighted,shoulders
"Arms, Shoulders, Back & Chest",2025-12-08 14:10:00,2025-12-08 14:38:00,Bench Press (Dumbbell),0,normal,10.0,8.0,,2025-12-08,weighted,chest
"Arms, Shoulders, Back & Chest",2025-12-08 14:10:00,2025-12-08 14:38:00,Bench Press (Dumbbell),1,normal,5.0,8.0,,2025-12-08,weighted,chest
"Arms, Shoulders, Back & Chest",2025-12-08 14:10:00,2025-12-08 14:38:00,Bench Press (Dumbbell),2,normal,5.0,8.0,,2025-12-08,weighted,chest
"Arms, Shoulders, Back & Chest",2025-12-08 14:10:00,2025-12-08 14:38:00,Bench Dip,0,normal,,6.0,,2025-12-08,bodyweight,triceps
"Arms, Shoulders, Back & Chest",2025-12-08 14:10:00,2025-12-08 14:38:00,Bench Dip,1,normal,,2.0,,2025-12-08,bodyweight,triceps
"Arms, Shoulders, Back & Chest",2025-12-08 14:10:00,2025-12-08 14:38:00,Spinning,0,normal,,,366.0,2025-12-08,timed,cardio
Overall,2025-11-06 12:23:00,2025-11-06 13:13:00,Treadmill,0,normal,,,1367.0,2025-11-06,timed,cardio
Overall,2025-11-06 12:23:00,2025-11-06 13:13:00,Reverse Curl (Dumbbell),0,normal,10.0,8.0,,2025-11-06,weighted,biceps
Overall,2025-11-06 12:23:00,2025-11-06 13:13:00,Bicep Curl (Dumbbell),0,normal,10.0,8.0,,2025-11-06,weighted,biceps
Overall,2025-11-06 12:23:00,2025-11-06 13:13:00,Triceps Extension (Dumbbell),0,normal,10.0,8.0,,2025-11-06,weighted,triceps
Overall,2025-11-06 12:23:00,2025-11-06 13:13:00,Overhead Press (Dumbbell),0,normal,10.0,8.0,,2025-11-06,weighted,shoulders
Overall,2025-11-06 12:23:00,2025-11-06 13:13:00,Shrug (Dumbbell),0,normal,10.0,10.0,,2025-11-06,weighted,traps
Overall,2025-07-06 15:19:00,2025-07-06 15:51:00,Stretching,0,normal,,,180.0,2025-07-06,timed,other
Overall,2025-07-06 15:19:00,2025-07-06 15:51:00,Treadmill,0,normal,,,915.0,2025-07-06,timed,cardio
Overall,2025-07-06 15:19:00,2025-07-06 15:51:00,Bench Dip,0,normal,,8.0,,2025-07-06,bodyweight,triceps
Overall,2025-07-06 15:19:00,2025-07-06 15:51:00,Chest Fly (Dumbbell),0,normal,5.0,8.0,,2025-07-06,weighted,chest
Overall,2025-07-06 15:19:00,2025-07-06 15:51:00,Chest Supported Incline Row (Dumbbell),0,normal,10.0,10.0,,2025-07-06,weighted,upper_back
Overall,2025-07-06 15:19:00,2025-07-06 15:51:00,Lateral Raise (Dumbbell),0,normal,5.0,8.0,,2025-07-06,weighted,shoulders
Overall,2025-07-06 15:19:00,2025-07-06 15:51:00,Shoulder Press (Dumbbell),0,normal,10.0,8.0,,2025-07-06,weighted,shoulders
Overall,2025-07-06 15:19:00,2025-07-06 15:51:00,Shrug (Dumbbell),0,normal,10.0,10.0,,2025-07-06,weighted,traps
Overall,2025-05-20 04:52:00,2025-05-20 05:09:00,Stretching,0,normal,,,180.0,2025-05-20,timed,other
Overall,2025-05-20 04:52:00,2025-05-20 05:09:00,Treadmill,0,normal,,,446.0,2025-05-20,timed,cardio
Overall,2025-05-20 04:52:00,2025-05-20 05:09:00,Crunch (Stability Ball),0,normal,,8.0,,2025-05-20,bodyweight,other
Overall,2025-05-20 04:52:00,2025-05-20 05:09:00,Crunch (Stability Ball),1,normal,,8.0,,2025-05-20,bodyweight,other
Overall,2025-05-20 04:52:00,2025-05-20 05:09:00,Crunch (Stability Ball),2,normal,,8.0,,2025-05-20,bodyweight,other
Overall,2025-05-20 04:52:00,2025-05-20 05:09:00,Bench Dip,0,normal,,8.0,,2025-05-20,bodyweight,triceps
Overall,2025-05-20 04:52:00,2025-05-20 05:09:00,Chest Fly (Dumbbell),0,normal,5.0,5.0,,2025-05-20,weighted,chest
Overall,2025-05-20 04:52:00,2025-05-20 05:09:00,Hip Thrust (Barbell),0,normal,15.0,10.0,,2025-05-20,weighted,glutes
Overall,2025-05-20 04:52:00,2025-05-20 05:09:00,Lateral Raise (Dumbbell),0,normal,5.0,8.0,,2025-05-20,weighted,shoulders
Overall,2025-05-20 04:52:00,2025-05-20 05:09:00,Overhead Press (Dumbbell),0,normal,10.0,5.0,,2025-05-20,weighted,shoulders
Overall,2025-05-20 04:52:00,2025-05-20 05:09:00,Plank,0,normal,,,30.0,2025-05-20,timed,abdominals
Overall,2025-05-20 04:52:00,2025-05-20 05:09:00,Standing Calf Raise (Dumbbell),0,normal,15.0,8.0,,2025-05-20,weighted,calves
Overall,2025-05-19 12:39:00,2025-05-19 13:12:00,Stretching,0,normal,,,5.0,2025-05-19,timed,other
Overall,2025-05-19 12:39:00,2025-05-19 13:12:00,Treadmill,0,normal,,,21.0,2025-05-19,timed,cardio
Overall,2025-05-19 12:39:00,2025-05-19 13:12:00,Crunch (Stability Ball),0,normal,,10.0,,2025-05-19,bodyweight,other
Overall,2025-05-19 12:39:00,2025-05-19 13:12:00,Crunch (Stability Ball),1,normal,,10.0,,2025-05-19,bodyweight,other
Overall,2025-05-19 12:39:00,2025-05-19 13:12:00,Crunch (Stability Ball),2,normal,,10.0,,2025-05-19,bodyweight,other
Overall,2025-05-19 12:39:00,2025-05-19 13:12:00,Crunch (Stability Ball),3,normal,,10.0,,2025-05-19,bodyweight,other
Overall,2025-05-19 12:39:00,2025-05-19 13:12:00,Reverse Curl (Dumbbell),0,normal,10.0,8.0,,2025-05-19,weighted,biceps
Overall,2025-05-19 12:39:00,2025-05-19 13:12:00,Hammer Curl (Dumbbell),0,normal,10.0,8.0,,2025-05-19,weighted,biceps
Overall,2025-05-19 12:39:00,2025-05-19 13:12:00,Bicep Curl (Dumbbell),0,normal,10.0,4.0,,2025-05-19,weighted,biceps
Overall,2025-05-19 12:39:00,2025-05-19 13:12:00,Triceps Extension (Dumbbell),0,normal,10.0,8.0,,2025-05-19,weighted,triceps
Overall,2025-05-19 12:39:00,2025-05-19 13:12:00,Decline Crunch,0,normal,,12.0,,2025-05-19,bodyweight,abdominals
Overall,2025-05-19 12:39:00,2025-05-19 13:12:00,Around The World,0,normal,7.0,10.0,,2025-05-19,weighted,chest
Overall,2025-05-19 12:39:00,2025-05-19 13:12:00,Arnold Press (Dumbbell),0,normal,10.0,8.0,,2025-05-19,weighted,shoulders
Overall,2025-05-19 12:39:00,2025-05-19 13:12:00,Bench Dip,0,normal,,8.0,,2025-05-19,bodyweight,triceps
Overall,2025-05-19 12:39:00,2025-05-19 13:12:00,Dumbbell Row,0,normal,10.0,8.0,,2025-05-19,weighted,lats
Overall,2025-05-19 12:39:00,2025-05-19 13:12:00,Dumbbell Row,1,normal,10.0,8.0,,2025-05-19,weighted,lats
Overall,2025-05-19 12:39:00,2025-05-19 13:12:00,Bulgarian Split Squat (Dumbbell),0,normal,10.0,8.0,,2025-05-19,weighted,quadriceps
Overall,2025-05-19 12:39:00,2025-05-19 13:12:00,Bulgarian Split Squat (Dumbbell),1,normal,10.0,8.0,,2025-05-19,weighted,quadriceps
Overall,2025-05-19 12:39:00,2025-05-19 13:12:00,Chest Fly (Dumbbell),0,normal,7.0,8.0,,2025-05-19,weighted,chest
Overall,2025-05-19 12:39:00,2025-05-19 13:12:00,Climbing,0,normal,,,180.0,2025-05-19,timed,cardio
Overall,2025-05-19 12:39:00,2025-05-19 13:12:00,Crunch,0,normal,,8.0,,2025-05-19,bodyweight,abdominals
Overall,2025-05-19 12:39:00,2025-05-19 13:12:00,Crunch (Stability Ball),0,normal,,10.0,,2025-05-19,bodyweight,other
Overall,2025-05-19 12:39:00,2025-05-19 13:12:00,Crunch (Stability Ball),1,normal,,10.0,,2025-05-19,bodyweight,other
Overall,2025-05-19 12:39:00,2025-05-19 13:12:00,Crunch (Stability Ball),2,normal,,10.0,,2025-05-19,bodyweight,other
Overall,2025-05-19 12:39:00,2025-05-19 13:12:00,Crunch (Stability Ball),3,normal,,10.0,,2025-05-19,bodyweight,other
Overall,2025-05-19 12:39:00,2025-05-19 13:12:00,Front Raise (Dumbbell),0,normal,5.0,8.0,,2025-05-19,weighted,shoulders
Overall,2025-05-19 12:39:00,2025-05-19 13:12:00,Kettlebell Goblet Squat,0,normal,10.0,16.0,,2025-05-19,weighted,quadriceps
Overall,2025-05-19 12:39:00,2025-05-19 13:12:00,Hip Thrust (Barbell),0,normal,15.0,10.0,,2025-05-19,weighted,glutes
Overall,2025-05-19 12:39:00,2025-05-19 13:12:00,Hip Thrust (Barbell),1,normal,10.0,8.0,,2025-05-19,weighted,glutes
Overall,2025-05-19 12:39:00,2025-05-19 13:12:00,Lat Pulldown (Cable),0,normal,40.0,8.0,,2025-05-19,weighted,lats
Overall,2025-05-19 12:39:00,2025-05-19 13:12:00,Lat Pulldown (Cable),1,normal,55.0,7.0,,2025-05-19,weighted,lats
Overall,2025-05-19 12:39:00,2025-05-19 13:12:00,Lat Pulldown (Cable),2,normal,40.0,8.0,,2025-05-19,weighted,lats
Overall,2025-05-19 12:39:00,2025-05-19 13:12:00,Lateral Raise (Dumbbell),0,normal,5.0,8.0,,2025-05-19,weighted,shoulders
Overall,2025-05-19 12:39:00,2025-05-19 13:12:00,Mountain Climber,0,normal,,8.0,,2025-05-19,bodyweight,full_body
Overall,2025-05-19 12:39:00,2025-05-19 13:12:00,Mountain Climber,1,normal,,8.0,,2025-05-19,bodyweight,full_body
Overall,2025-05-19 12:39:00,2025-05-19 13:12:00,Overhead Press (Dumbbell),0,normal,10.0,8.0,,2025-05-19,weighted,shoulders
Overall,2025-05-19 12:39:00,2025-05-19 13:12:00,Plank,0,normal,,,20.0,2025-05-19,timed,abdominals
Overall,2025-05-19 12:39:00,2025-05-19 13:12:00,Pull Up,0,normal,,10.0,,2025-05-19,bodyweight,lats
Overall,2025-05-19 12:39:00,2025-05-19 13:12:00,Pull Up,1,normal,,10.0,,2025-05-19,bodyweight,lats
Overall,2025-05-19 12:39:00,2025-05-19 13:12:00,Kneeling Push Up,0,normal,,7.0,,2025-05-19,bodyweight,chest
Overall,2025-05-19 12:39:00,2025-05-19 13:12:00,Kneeling Push Up,1,normal,,7.0,,2025-05-19,bodyweight,chest
Overall,2025-05-19 12:39:00,2025-05-19 13:12:00,Romanian Deadlift (Dumbbell),0,normal,10.0,8.0,,2025-05-19,weighted,hamstrings
Overall,2025-05-19 12:39:00,2025-05-19 13:12:00,Russian Twist (Bodyweight),0,normal,,8.0,,2025-05-19,bodyweight,abdominals
Overall,2025-05-19 12:39:00,2025-05-19 13:12:00,Shoulder Press (Dumbbell),0,normal,10.0,8.0,,2025-05-19,weighted,shoulders
Overall,2025-05-19 12:39:00,2025-05-19 13:12:00,Shrug (Dumbbell),0,normal,10.0,10.0,,2025-05-19,weighted,traps
Overall,2025-05-19 12:39:00,2025-05-19 13:12:00,Standing Calf Raise (Dumbbell),0,normal,15.0,8.0,,2025-05-19,weighted,calves
Overall,2025-05-19 12:39:00,2025-05-19 13:12:00,Standing Calf Raise (Dumbbell),1,normal,10.0,5.0,,2025-05-19,weighted,calves
Overall,2025-05-19 12:39:00,2025-05-19 13:12:00,Crunch,0,normal,,10.0,,2025-05-19,bodyweight,abdominals
Overall,2025-05-19 12:39:00,2025-05-19 13:12:00,Sit Up,0,normal,,10.0,,2025-05-19,bodyweight,abdominals
Overall,2025-03-22 14:30:00,2025-03-22 14:57:00,Treadmill,0,normal,,,1560.0,2025-03-22,timed,cardio
Overall,2025-02-18 07:18:00,2025-02-18 08:27:00,Stretching,0,normal,,,300.0,2025-02-18,timed,other
Overall,2025-02-18 07:18:00,2025-02-18 08:27:00,Treadmill,0,normal,,,1587.0,2025-02-18,timed,cardio
Overall,2025-02-18 07:18:00,2025-02-18 08:27:00,Around The World,0,normal,5.0,5.0,,2025-02-18,weighted,chest
Overall,2025-02-18 07:18:00,2025-02-18 08:27:00,Bench Dip,0,normal,,10.0,,2025-02-18,bodyweight,triceps
Overall,2025-02-18 07:18:00,2025-02-18 08:27:00,Bulgarian Split Squat (Dumbbell),0,normal,5.0,8.0,,2025-02-18,weighted,quadriceps
Overall,2025-02-18 07:18:00,2025-02-18 08:27:00,Bulgarian Split Squat (Dumbbell),1,normal,5.0,8.0,,2025-02-18,weighted,quadriceps
Overall,2025-02-18 07:18:00,2025-02-18 08:27:00,Chest Fly (Dumbbell),0,normal,5.0,8.0,,2025-02-18,weighted,chest
Overall,2025-02-18 07:18:00,2025-02-18 08:27:00,Spinning,0,normal,,,300.0,2025-02-18,timed,cardio
Overall,2025-02-18 07:18:00,2025-02-18 08:27:00,Kettlebell Goblet Squat,0,normal,15.0,10.0,,2025-02-18,weighted,quadriceps
Overall,2025-02-18 07:18:00,2025-02-18 08:27:00,Hip Thrust (Barbell),0,normal,15.0,16.0,,2025-02-18,weighted,glutes
Overall,2025-02-18 07:18:00,2025-02-18 08:27:00,Overhead Press (Dumbbell),0,normal,10.0,8.0,,2025-02-18,weighted,shoulders
Overall,2025-02-18 07:18:00,2025-02-18 08:27:00,Chest Supported Reverse Fly (Dumbbell),0,normal,10.0,15.0,,2025-02-18,weighted,shoulders
Overall,2025-02-18 07:18:00,2025-02-18 08:27:00,Russian Twist (Bodyweight),0,normal,,8.0,,2025-02-18,bodyweight,abdominals
Overall,2025-02-18 07:18:00,2025-02-18 08:27:00,Crunch,0,normal,,12.0,,2025-02-18,bodyweight,abdominals
Overall,2025-02-11 12:13:00,2025-02-11 12:36:00,Stretching,0,normal,,,180.0,2025-02-11,timed,other
Overall,2025-02-11 12:13:00,2025-02-11 12:36:00,Treadmill,0,normal,,,1200.0,2025-02-11,timed,cardio
Overall,2025-02-09 11:19:00,2025-02-09 12:01:00,Stretching,0,normal,,,180.0,2025-02-09,timed,other
Overall,2025-02-09 11:19:00,2025-02-09 12:01:00,Treadmill,0,normal,,,1020.0,2025-02-09,timed,cardio
Overall,2025-02-09 11:19:00,2025-02-09 12:01:00,Treadmill,1,normal,,,276.0,2025-02-09,timed,cardio
Overall,2025-02-09 11:19:00,2025-02-09 12:01:00,Crunch (Stability Ball),0,normal,,10.0,,2025-02-09,bodyweight,other
Overall,2025-02-09 11:19:00,2025-02-09 12:01:00,Hammer Curl (Dumbbell),0,normal,10.0,4.0,,2025-02-09,weighted,biceps
Overall,2025-02-09 11:19:00,2025-02-09 12:01:00,Spinning,0,normal,,,240.0,2025-02-09,timed,cardio
Overall,2025-02-09 11:19:00,2025-02-09 12:01:00,Kettlebell Goblet Squat,0,normal,15.0,8.0,,2025-02-09,weighted,quadriceps
Overall,2025-02-09 11:19:00,2025-02-09 12:01:00,Hip Thrust (Barbell),0,normal,10.0,8.0,,2025-02-09,weighted,glutes
Overall,2025-02-09 11:19:00,2025-02-09 12:01:00,Hip Thrust (Barbell),1,normal,15.0,8.0,,2025-02-09,weighted,glutes
Overall,2025-02-09 11:19:00,2025-02-09 12:01:00,Bench Dip,0,normal,,8.0,,2025-02-09,bodyweight,triceps
Overall,2025-02-04 10:56:00,2025-02-04 11:25:00,Stretching,0,normal,,,180.0,2025-02-04,timed,other
Overall,2025-02-04 10:56:00,2025-02-04 11:25:00,Treadmill,0,normal,,,935.0,2025-02-04,timed,cardio
Overall,2025-02-04 10:56:00,2025-02-04 11:25:00,Reverse Curl (Dumbbell),0,normal,5.0,8.0,,2025-02-04,weighted,biceps
Overall,2025-02-04 10:56:00,2025-02-04 11:25:00,Triceps Extension (Dumbbell),0,normal,5.0,8.0,,2025-02-04,weighted,triceps
Overall,2025-02-04 10:56:00,2025-02-04 11:25:00,Around The World,0,normal,5.0,5.0,,2025-02-04,weighted,chest
Overall,2025-02-04 10:56:00,2025-02-04 11:25:00,Bench Dip,0,normal,,7.0,,2025-02-04,bodyweight,triceps
Overall,2025-02-04 10:56:00,2025-02-04 11:25:00,Front Raise (Dumbbell),0,normal,5.0,8.0,,2025-02-04,weighted,shoulders
Overall,2025-02-04 10:56:00,2025-02-04 11:25:00,Overhead Press (Dumbbell),0,normal,5.0,8.0,,2025-02-04,weighted,shoulders
Overall,2025-01-07 10:45:00,2025-01-07 11:12:00,Stretching,0,normal,,,300.0,2025-01-07,timed,other
Overall,2025-01-07 10:45:00,2025-01-07 11:12:00,Treadmill,0,normal,,,1212.0,2025-01-07,timed,cardio
Overall,2025-01-07 10:45:00,2025-01-07 11:12:00,Reverse Curl (Dumbbell),0,normal,10.0,8.0,,2025-01-07,weighted,biceps
"Arms, Shoulders, Back & Chest",2025-01-05 06:07:00,2025-01-05 06:53:00,Stretching,0,normal,,,120.0,2025-01-05,timed,other
"Arms, Shoulders, Back & Chest",2025-01-05 06:07:00,2025-01-05 06:53:00,Shrug (Dumbbell),0,normal,10.0,8.0,,2025-01-05,weighted,traps
"Arms, Shoulders, Back & Chest",2025-01-05 06:07:00,2025-01-05 06:53:00,Bicep Curl (Dumbbell),0,normal,10.0,8.0,,2025-01-05,weighted,biceps
"Arms, Shoulders, Back & Chest",2025-01-05 06:07:00,2025-01-05 06:53:00,Hammer Curl (Dumbbell),0,normal,10.0,4.0,,2025-01-05,weighted,biceps
"Arms, Shoulders, Back & Chest",2025-01-05 06:07:00,2025-01-05 06:53:00,Triceps Extension (Dumbbell),0,normal,10.0,6.0,,2025-01-05,weighted,triceps
"Arms, Shoulders, Back & Chest",2025-01-05 06:07:00,2025-01-05 06:53:00,Arnold Press (Dumbbell),0,normal,10.0,6.0,,2025-01-05,weighted,shoulders
"Arms, Shoulders, Back & Chest",2025-01-05 06:07:00,2025-01-05 06:53:00,Bench Dip,0,normal,,5.0,,2025-01-05,bodyweight,triceps
"Arms, Shoulders, Back & Chest",2025-01-05 06:07:00,2025-01-05 06:53:00,Bench Dip,1,normal,,4.0,,2025-01-05,bodyweight,triceps
"Arms, Shoulders, Back & Chest",2025-01-05 06:07:00,2025-01-05 06:53:00,Hip Thrust (Barbell),0,normal,15.0,8.0,,2025-01-05,weighted,glutes
"Arms, Shoulders, Back & Chest",2025-01-05 06:07:00,2025-01-05 06:53:00,Hip Thrust (Barbell),1,normal,20.0,8.0,,2025-01-05,weighted,glutes
"Arms, Shoulders, Back & Chest",2025-01-05 06:07:00,2025-01-05 06:53:00,Kettlebell Goblet Squat,0,normal,20.0,8.0,,2025-01-05,weighted,quadriceps
"Arms, Shoulders, Back & Chest",2025-01-05 06:07:00,2025-01-05 06:53:00,Treadmill,0,normal,,,1015.0,2025-01-05,timed,cardio
"Arms, Shoulders, Back & Chest",2025-01-05 06:07:00,2025-01-05 06:53:00,High Knee Skips,0,normal,,10.0,,2025-01-05,bodyweight,full_body
"Arms, Shoulders, Back & Chest",2025-01-05 06:07:00,2025-01-05 06:53:00,Cycling,0,normal,,,300.0,2025-01-05,timed,cardio
Evening Workout,2025-01-01 10:21:00,2025-01-01 10:55:00,Stretching,0,normal,,,2070.0,2025-01-01,timed,other
Overall,2024-11-08 05:57:00,2024-11-08 06:15:00,Stretching,0,normal,,,600.0,2024-11-08,timed,other
Overall,2024-11-08 05:57:00,2024-11-08 06:15:00,Treadmill,0,normal,,,721.0,2024-11-08,timed,cardio
Overall,2024-11-08 05:57:00,2024-11-08 06:15:00,Hammer Curl (Dumbbell),0,normal,10.0,8.0,,2024-11-08,weighted,biceps
Overall,2024-11-08 05:57:00,2024-11-08 06:15:00,Bench Dip,0,normal,,8.0,,2024-11-08,bodyweight,triceps
Overall,2024-11-08 05:57:00,2024-11-08 06:15:00,Shoulder Press (Dumbbell),0,normal,10.0,8.0,,2024-11-08,weighted,shoulders
Evening Workout,2024-10-16 11:53:00,2024-10-16 12:04:00,Running,0,normal,,,660.0,2024-10-16,timed,cardio
Overall,2024-08-26 06:16:00,2024-08-26 06:51:00,Stretching,0,normal,,,600.0,2024-08-26,timed,other
Overall,2024-08-26 06:16:00,2024-08-26 06:51:00,Treadmill,0,normal,,,600.0,2024-08-26,timed,cardio
Overall,2024-08-26 06:16:00,2024-08-26 06:51:00,Skullcrusher (Dumbbell),0,normal,10.0,4.0,,2024-08-26,weighted,triceps
Overall,2024-08-26 06:16:00,2024-08-26 06:51:00,Reverse Curl (Dumbbell),0,normal,10.0,8.0,,2024-08-26,weighted,biceps
Overall,2024-08-26 06:16:00,2024-08-26 06:51:00,Hammer Curl (Dumbbell),0,normal,10.0,8.0,,2024-08-26,weighted,biceps
Overall,2024-08-26 06:16:00,2024-08-26 06:51:00,Arnold Press (Dumbbell),0,normal,10.0,8.0,,2024-08-26,weighted,shoulders
Overall,2024-08-26 06:16:00,2024-08-26 06:51:00,Bench Dip,0,normal,,4.0,,2024-08-26,bodyweight,triceps
Overall,2024-08-26 06:16:00,2024-08-26 06:51:00,Crunch (Stability Ball),0,normal,,10.0,,2024-08-26,bodyweight,other
Overall,2024-08-26 06:16:00,2024-08-26 06:51:00,Crunch (Stability Ball),1,normal,,10.0,,2024-08-26,bodyweight,other
Overall,2024-08-26 06:16:00,2024-08-26 06:51:00,Crunch (Stability Ball),2,normal,,10.0,,2024-08-26,bodyweight,other
Overall,2024-08-26 06:16:00,2024-08-26 06:51:00,Crunch (Stability Ball),3,normal,,10.0,,2024-08-26,bodyweight,other
Overall,2024-08-26 06:16:00,2024-08-26 06:51:00,Crunch (Stability Ball),4,normal,,10.0,,2024-08-26,bodyweight,other
Overall,2024-08-26 06:16:00,2024-08-26 06:51:00,Spinning,0,normal,,,333.0,2024-08-26,timed,cardio
Overall,2024-08-26 06:16:00,2024-08-26 06:51:00,Kettlebell Goblet Squat,0,normal,10.0,8.0,,2024-08-26,weighted,quadriceps
Overall,2024-08-26 06:16:00,2024-08-26 06:51:00,Hip Thrust (Barbell),0,normal,15.0,8.0,,2024-08-26,weighted,glutes
Overall,2024-08-26 06:16:00,2024-08-26 06:51:00,Overhead Press (Dumbbell),0,normal,10.0,5.0,,2024-08-26,weighted,shoulders
Overall,2024-08-26 06:16:00,2024-08-26 06:51:00,Overhead Press (Dumbbell),1,normal,10.0,5.0,,2024-08-26,weighted,shoulders
Overall,2024-08-26 06:16:00,2024-08-26 06:51:00,Romanian Deadlift (Dumbbell),0,normal,10.0,4.0,,2024-08-26,weighted,hamstrings
Overall,2024-08-24 06:38:00,2024-08-24 07:18:00,Stretching,0,normal,,,600.0,2024-08-24,timed,other
Overall,2024-08-24 06:38:00,2024-08-24 07:18:00,Treadmill,0,normal,,,307.0,2024-08-24,timed,cardio
Overall,2024-08-24 06:38:00,2024-08-24 07:18:00,Reverse Curl (Dumbbell),0,normal,10.0,8.0,,2024-08-24,weighted,biceps
Overall,2024-08-24 06:38:00,2024-08-24 07:18:00,Hammer Curl (Dumbbell),0,normal,10.0,8.0,,2024-08-24,weighted,biceps
Overall,2024-08-24 06:38:00,2024-08-24 07:18:00,Bicep Curl (Dumbbell),0,normal,10.0,8.0,,2024-08-24,weighted,biceps
Overall,2024-08-24 06:38:00,2024-08-24 07:18:00,Bench Dip,0,normal,,4.0,,2024-08-24,bodyweight,triceps
Overall,2024-08-24 06:38:00,2024-08-24 07:18:00,Bulgarian Split Squat (Dumbbell),0,normal,10.0,5.0,,2024-08-24,weighted,quadriceps
Overall,2024-08-24 06:38:00,2024-08-24 07:18:00,Bulgarian Split Squat (Dumbbell),1,normal,10.0,5.0,,2024-08-24,weighted,quadriceps
Overall,2024-08-24 06:38:00,2024-08-24 07:18:00,Crunch,0,normal,,8.0,,2024-08-24,bodyweight,abdominals
Overall,2024-08-24 06:38:00,2024-08-24 07:18:00,Crunch (Stability Ball),0,normal,,6.0,,2024-08-24,bodyweight,other
Overall,2024-08-24 06:38:00,2024-08-24 07:18:00,Lying Leg Raise,0,normal,,4.0,,2024-08-24,bodyweight,abdominals
Overall,2024-08-24 06:38:00,2024-08-24 07:18:00,Kettlebell Goblet Squat,0,normal,10.0,8.0,,2024-08-24,weighted,quadriceps
Overall,2024-08-24 06:38:00,2024-08-24 07:18:00,Romanian Deadlift (Dumbbell),0,normal,10.0,8.0,,2024-08-24,weighted,hamstrings
Overall,2024-08-24 06:38:00,2024-08-24 07:18:00,Shoulder Press (Dumbbell),0,normal,10.0,8.0,,2024-08-24,weighted,shoulders
Overall,2024-08-24 06:38:00,2024-08-24 07:18:00,Shrug (Dumbbell),0,normal,10.0,12.0,,2024-08-24,weighted,traps
"Arms, Shoulders, Back & Chest",2024-08-24 06:22:00,2024-08-24 06:37:00,Stretching,0,normal,,,600.0,2024-08-24,timed,other
"Arms, Shoulders, Back & Chest",2024-08-24 06:22:00,2024-08-24 06:37:00,Shrug (Dumbbell),0,normal,10.0,12.0,,2024-08-24,weighted,traps
Back & Chest ,2024-08-23 13:07:00,2024-08-23 13:36:00,Stretching,0,normal,,,600.0,2024-08-23,timed,other
Back & Chest ,2024-08-23 13:07:00,2024-08-23 13:36:00,Crunch,0,normal,,8.0,,2024-08-23,bodyweight,abdominals
Back & Chest ,2024-08-23 13:07:00,2024-08-23 13:36:00,Crunch (Stability Ball),0,normal,,10.0,,2024-08-23,bodyweight,other
Back & Chest ,2024-08-23 13:07:00,2024-08-23 13:36:00,Crunch (Stability Ball),1,normal,,10.0,,2024-08-23,bodyweight,other
Back & Chest ,2024-08-23 13:07:00,2024-08-23 13:36:00,Crunch (Stability Ball),2,normal,,10.0,,2024-08-23,bodyweight,other
Back & Chest ,2024-08-23 13:07:00,2024-08-23 13:36:00,Crunch (Stability Ball),3,normal,,10.0,,2024-08-23,bodyweight,other
Back & Chest ,2024-08-23 13:07:00,2024-08-23 13:36:00,Arnold Press (Dumbbell),0,normal,10.0,8.0,,2024-08-23,weighted,shoulders
Back & Chest ,2024-08-23 13:07:00,2024-08-23 13:36:00,Dumbbell Row,0,normal,10.0,8.0,,2024-08-23,weighted,lats
Back & Chest ,2024-08-23 13:07:00,2024-08-23 13:36:00,Dumbbell Row,1,normal,10.0,8.0,,2024-08-23,weighted,lats
Back & Chest ,2024-08-23 13:07:00,2024-08-23 13:36:00,Bench Press (Dumbbell),0,normal,10.0,8.0,,2024-08-23,weighted,chest
Back & Chest ,2024-08-23 13:07:00,2024-08-23 13:36:00,Treadmill,0,normal,,,307.0,2024-08-23,timed,cardio
Back & Chest ,2024-08-23 13:07:00,2024-08-23 13:36:00,Hip Thrust (Barbell),0,normal,10.0,8.0,,2024-08-23,weighted,glutes
Back & Chest ,2024-08-23 13:07:00,2024-08-23 13:36:00,Hip Thrust (Barbell),1,normal,10.0,8.0,,2024-08-23,weighted,glutes
Back & Chest ,2024-08-23 13:07:00,2024-08-23 13:36:00,Romanian Deadlift (Dumbbell),0,normal,10.0,8.0,,2024-08-23,weighted,hamstrings
Back & Chest ,2024-08-23 13:07:00,2024-08-23 13:36:00,Standing Calf Raise (Dumbbell),0,normal,10.0,10.0,,2024-08-23,weighted,calves
Back & Chest ,2024-08-23 13:07:00,2024-08-23 13:36:00,Standing Calf Raise (Dumbbell),1,normal,10.0,5.0,,2024-08-23,weighted,calves
Back & Chest ,2024-08-23 13:07:00,2024-08-23 13:36:00,Bicep Curl (Dumbbell),0,normal,10.0,8.0,,2024-08-23,weighted,biceps
Back & Chest ,2024-08-23 13:07:00,2024-08-23 13:36:00,Hammer Curl (Dumbbell),0,normal,10.0,8.0,,2024-08-23,weighted,biceps
Arms & Shoulders ,2024-07-14 08:50:00,2024-07-14 09:33:00,Stretching,0,normal,,,600.0,2024-07-14,timed,other
Arms & Shoulders ,2024-07-14 08:50:00,2024-07-14 09:33:00,Shrug (Dumbbell),0,normal,10.0,10.0,,2024-07-14,weighted,traps
Arms & Shoulders ,2024-07-14 08:50:00,2024-07-14 09:33:00,Bicep Curl (Dumbbell),0,normal,10.0,8.0,,2024-07-14,weighted,biceps
Arms & Shoulders ,2024-07-14 08:50:00,2024-07-14 09:33:00,Reverse Curl (Dumbbell),0,normal,10.0,8.0,,2024-07-14,weighted,biceps
Arms & Shoulders ,2024-07-14 08:50:00,2024-07-14 09:33:00,Triceps Extension (Dumbbell),0,normal,10.0,8.0,,2024-07-14,weighted,triceps
Arms & Shoulders ,2024-07-14 08:50:00,2024-07-14 09:33:00,Arnold Press (Dumbbell),0,normal,10.0,8.0,,2024-07-14,weighted,shoulders
Arms & Shoulders ,2024-07-14 08:50:00,2024-07-14 09:33:00,Overhead Press (Dumbbell),0,normal,10.0,8.0,,2024-07-14,weighted,shoulders
Arms & Shoulders ,2024-07-14 08:50:00,2024-07-14 09:33:00,Standing Calf Raise (Dumbbell),0,normal,10.0,10.0,,2024-07-14,weighted,calves
Arms & Shoulders ,2024-07-14 08:50:00,2024-07-14 09:33:00,Standing Calf Raise (Dumbbell),1,normal,10.0,5.0,,2024-07-14,weighted,calves
Arms & Shoulders ,2024-07-14 08:50:00,2024-07-14 09:33:00,Romanian Deadlift (Dumbbell),0,normal,10.0,8.0,,2024-07-14,weighted,hamstrings
Arms & Shoulders ,2024-07-14 08:50:00,2024-07-14 09:33:00,Hip Thrust (Barbell),0,normal,10.0,8.0,,2024-07-14,weighted,glutes
Arms & Shoulders ,2024-07-14 08:50:00,2024-07-14 09:33:00,Hip Thrust (Barbell),1,normal,10.0,8.0,,2024-07-14,weighted,glutes
Arms & Shoulders ,2024-07-14 08:50:00,2024-07-14 09:33:00,Treadmill,0,normal,,,327.0,2024-07-14,timed,cardio
Arms & Shoulders ,2024-07-14 08:50:00,2024-07-14 09:33:00,Bench Press (Dumbbell),0,normal,10.0,8.0,,2024-07-14,weighted,chest
Arms & Shoulders ,2024-07-14 08:50:00,2024-07-14 09:33:00,Dumbbell Row,0,normal,10.0,8.0,,2024-07-14,weighted,lats
Arms & Shoulders ,2024-07-14 08:50:00,2024-07-14 09:33:00,Dumbbell Row,1,normal,10.0,8.0,,2024-07-14,weighted,lats
Arms & Shoulders ,2024-07-14 08:50:00,2024-07-14 09:33:00,Crunch (Stability Ball),0,normal,,10.0,,2024-07-14,bodyweight,other
Arms & Shoulders ,2024-06-28 08:08:00,2024-06-28 08:53:00,Stretching,0,normal,,,300.0,2024-06-28,timed,other
Arms & Shoulders ,2024-06-28 08:08:00,2024-06-28 08:53:00,Shrug (Dumbbell),0,normal,10.0,10.0,,2024-06-28,weighted,traps
Arms & Shoulders ,2024-06-28 08:08:00,2024-06-28 08:53:00,Hammer Curl (Dumbbell),0,normal,10.0,8.0,,2024-06-28,weighted,biceps
Arms & Shoulders ,2024-06-28 08:08:00,2024-06-28 08:53:00,Lateral Raise (Dumbbell),0,normal,5.0,8.0,,2024-06-28,weighted,shoulders
Arms & Shoulders ,2024-06-28 08:08:00,2024-06-28 08:53:00,Reverse Curl (Dumbbell),0,normal,10.0,8.0,,2024-06-28,weighted,biceps
Arms & Shoulders ,2024-06-28 08:08:00,2024-06-28 08:53:00,Triceps Extension (Dumbbell),0,normal,10.0,8.0,,2024-06-28,weighted,triceps
Arms & Shoulders ,2024-06-28 08:08:00,2024-06-28 08:53:00,Arnold Press (Dumbbell),0,normal,10.0,8.0,,2024-06-28,weighted,shoulders
Arms & Shoulders ,2024-06-28 08:08:00,2024-06-28 08:53:00,Front Raise (Dumbbell),0,normal,5.0,8.0,,2024-06-28,weighted,shoulders
Arms & Shoulders ,2024-06-28 08:08:00,2024-06-28 08:53:00,Overhead Press (Dumbbell),0,normal,10.0,8.0,,2024-06-28,weighted,shoulders
Arms & Shoulders ,2024-06-28 08:08:00,2024-06-28 08:53:00,Shoulder Press (Dumbbell),0,normal,10.0,8.0,,2024-06-28,weighted,shoulders
Arms & Shoulders ,2024-06-28 08:08:00,2024-06-28 08:53:00,Bench Press (Dumbbell),0,normal,10.0,8.0,,2024-06-28,weighted,chest
Arms & Shoulders ,2024-06-28 08:08:00,2024-06-28 08:53:00,Bench Press (Dumbbell),1,normal,10.0,5.0,,2024-06-28,weighted,chest
Arms & Shoulders ,2024-06-28 08:08:00,2024-06-28 08:53:00,Dumbbell Row,0,normal,10.0,8.0,,2024-06-28,weighted,lats
Arms & Shoulders ,2024-06-28 08:08:00,2024-06-28 08:53:00,Dumbbell Row,1,normal,10.0,8.0,,2024-06-28,weighted,lats
Arms & Shoulders ,2024-06-28 08:08:00,2024-06-28 08:53:00,Bulgarian Split Squat (Dumbbell),0,normal,10.0,8.0,,2024-06-28,weighted,quadriceps
Arms & Shoulders ,2024-06-28 08:08:00,2024-06-28 08:53:00,Bulgarian Split Squat (Dumbbell),1,normal,10.0,8.0,,2024-06-28,weighted,quadriceps
Arms & Shoulders ,2024-06-28 08:08:00,2024-06-28 08:53:00,Treadmill,0,normal,,,300.0,2024-06-28,timed,cardio
Arms & Shoulders ,2024-06-28 08:08:00,2024-06-28 08:53:00,Treadmill,1,normal,,,607.0,2024-06-28,timed,cardio
Arms & Shoulders ,2024-06-28 08:08:00,2024-06-28 08:53:00,Hip Thrust (Barbell),0,normal,10.0,10.0,,2024-06-28,weighted,glutes
Arms & Shoulders ,2024-06-28 08:08:00,2024-06-28 08:53:00,Kettlebell Goblet Squat,0,normal,10.0,8.0,,2024-06-28,weighted,quadriceps
Arms & Shoulders ,2024-06-28 08:08:00,2024-06-28 08:53:00,Romanian Deadlift (Dumbbell),0,normal,10.0,8.0,,2024-06-28,weighted,hamstrings
Arms & Shoulders ,2024-06-28 08:08:00,2024-06-28 08:53:00,Standing Calf Raise (Dumbbell),0,normal,10.0,10.0,,2024-06-28,weighted,calves
Arms & Shoulders ,2024-06-28 08:08:00,2024-06-28 08:53:00,Standing Calf Raise (Dumbbell),1,normal,10.0,10.0,,2024-06-28,weighted,calves
Arms & Shoulders ,2024-03-11 04:54:00,2024-03-11 05:06:00,Stretching,0,normal,,,600.0,2024-03-11,timed,other
Arms & Shoulders ,2024-03-11 04:54:00,2024-03-11 05:06:00,Shrug (Dumbbell),0,normal,10.0,10.0,,2024-03-11,weighted,traps
Arms & Shoulders ,2024-03-11 04:54:00,2024-03-11 05:06:00,Hammer Curl (Dumbbell),0,normal,10.0,8.0,,2024-03-11,weighted,biceps
Arms & Shoulders ,2024-03-11 04:54:00,2024-03-11 05:06:00,Hammer Curl (Dumbbell),1,normal,10.0,8.0,,2024-03-11,weighted,biceps
Arms & Shoulders ,2024-03-11 04:54:00,2024-03-11 05:06:00,Reverse Curl (Dumbbell),0,normal,10.0,8.0,,2024-03-11,weighted,biceps
Arms & Shoulders ,2024-03-11 04:54:00,2024-03-11 05:06:00,Reverse Curl (Dumbbell),1,normal,10.0,8.0,,2024-03-11,weighted,biceps
Arms & Shoulders ,2024-03-11 04:54:00,2024-03-11 05:06:00,Triceps Extension (Dumbbell),0,normal,10.0,8.0,,2024-03-11,weighted,triceps
Arms & Shoulders ,2024-03-11 04:54:00,2024-03-11 05:06:00,Overhead Press (Dumbbell),0,normal,10.0,8.0,,2024-03-11,weighted,shoulders
Arms & Shoulders ,2024-03-11 04:54:00,2024-03-11 05:06:00,Lat Pulldown (Cable),0,normal,40.0,8.0,,2024-03-11,weighted,lats
Arms & Shoulders ,2024-03-11 04:54:00,2024-03-11 05:06:00,Lat Pulldown (Cable),1,failure,55.0,7.0,,2024-03-11,weighted,lats
Arms & Shoulders ,2024-03-11 04:54:00,2024-03-11 05:06:00,Lat Pulldown (Cable),2,normal,40.0,8.0,,2024-03-11,weighted,lats
Arms & Shoulders ,2024-03-10 05:58:00,2024-03-10 06:48:00,Stretching,0,normal,,,600.0,2024-03-10,timed,other
Arms & Shoulders ,2024-03-10 05:58:00,2024-03-10 06:48:00,Shrug (Dumbbell),0,normal,10.0,8.0,,2024-03-10,weighted,traps
Arms & Shoulders ,2024-03-10 05:58:00,2024-03-10 06:48:00,Bicep Curl (Dumbbell),0,normal,10.0,8.0,,2024-03-10,weighted,biceps
Arms & Shoulders ,2024-03-10 05:58:00,2024-03-10 06:48:00,Hammer Curl (Dumbbell),0,normal,10.0,8.0,,2024-03-10,weighted,biceps
Arms & Shoulders ,2024-03-10 05:58:00,2024-03-10 06:48:00,Lateral Raise (Dumbbell),0,normal,7.0,8.0,,2024-03-10,weighted,shoulders
Arms & Shoulders ,2024-03-10 05:58:00,2024-03-10 06:48:00,Reverse Curl (Dumbbell),0,normal,10.0,8.0,,2024-03-10,weighted,biceps
Arms & Shoulders ,2024-03-10 05:58:00,2024-03-10 06:48:00,Reverse Curl (Dumbbell),1,normal,10.0,8.0,,2024-03-10,weighted,biceps
Arms & Shoulders ,2024-03-10 05:58:00,2024-03-10 06:48:00,Triceps Extension (Dumbbell),0,normal,10.0,12.0,,2024-03-10,weighted,triceps
Arms & Shoulders ,2024-03-10 05:58:00,2024-03-10 06:48:00,Front Raise (Dumbbell),0,normal,7.0,8.0,,2024-03-10,weighted,shoulders
Arms & Shoulders ,2024-03-10 05:58:00,2024-03-10 06:48:00,Front Raise (Dumbbell),1,normal,7.0,8.0,,2024-03-10,weighted,shoulders
Arms & Shoulders ,2024-03-10 05:58:00,2024-03-10 06:48:00,Overhead Press (Dumbbell),0,normal,7.0,8.0,,2024-03-10,weighted,shoulders
Arms & Shoulders ,2024-03-10 05:58:00,2024-03-10 06:48:00,Shoulder Press (Dumbbell),0,normal,10.0,10.0,,2024-03-10,weighted,shoulders
Arms & Shoulders ,2024-03-10 05:58:00,2024-03-10 06:48:00,Shoulder Press (Dumbbell),1,normal,10.0,8.0,,2024-03-10,weighted,shoulders
Arms & Shoulders ,2024-03-10 05:58:00,2024-03-10 06:48:00,Bench Press (Dumbbell),0,normal,10.0,8.0,,2024-03-10,weighted,chest
Arms & Shoulders ,2024-03-10 05:58:00,2024-03-10 06:48:00,Dumbbell Row,0,normal,10.0,8.0,,2024-03-10,weighted,lats
Arms & Shoulders ,2024-03-10 05:58:00,2024-03-10 06:48:00,Dumbbell Row,1,normal,10.0,8.0,,2024-03-10,weighted,lats
Arms & Shoulders ,2024-03-10 05:58:00,2024-03-10 06:48:00,Decline Crunch,0,normal,,12.0,,2024-03-10,bodyweight,abdominals
Arms & Shoulders ,2024-03-10 05:58:00,2024-03-10 06:48:00,Bulgarian Split Squat (Dumbbell),0,normal,10.0,8.0,,2024-03-10,weighted,quadriceps
Arms & Shoulders ,2024-03-10 05:58:00,2024-03-10 06:48:00,Bulgarian Split Squat (Dumbbell),1,normal,10.0,8.0,,2024-03-10,weighted,quadriceps
Arms & Shoulders ,2024-03-10 05:58:00,2024-03-10 06:48:00,Lat Pulldown (Cable),0,normal,40.0,8.0,,2024-03-10,weighted,lats
Arms & Shoulders ,2024-03-10 05:58:00,2024-03-10 06:48:00,Lat Pulldown (Cable),1,normal,55.0,8.0,,2024-03-10,weighted,lats
Arms & Shoulders ,2024-03-10 05:58:00,2024-03-10 06:48:00,Treadmill,0,normal,,,365.0,2024-03-10,timed,cardio
Arms & Shoulders ,2024-03-07 03:11:00,2024-03-07 03:38:00,Stretching,0,normal,,,600.0,2024-03-07,timed,other
Arms & Shoulders ,2024-03-07 03:11:00,2024-03-07 03:38:00,Shrug (Dumbbell),0,normal,7.0,8.0,,2024-03-07,weighted,traps
Arms & Shoulders ,2024-03-07 03:11:00,2024-03-07 03:38:00,Bicep Curl (Dumbbell),0,normal,10.0,8.0,,2024-03-07,weighted,biceps
Arms & Shoulders ,2024-03-07 03:11:00,2024-03-07 03:38:00,Bicep Curl (Dumbbell),1,normal,10.0,8.0,,2024-03-07,weighted,biceps
Arms & Shoulders ,2024-03-07 03:11:00,2024-03-07 03:38:00,Hammer Curl (Dumbbell),0,normal,10.0,8.0,,2024-03-07,weighted,biceps
Arms & Shoulders ,2024-03-07 03:11:00,2024-03-07 03:38:00,Lateral Raise (Dumbbell),0,normal,5.0,8.0,,2024-03-07,weighted,shoulders
Arms & Shoulders ,2024-03-07 03:11:00,2024-03-07 03:38:00,Reverse Curl (Dumbbell),0,normal,10.0,8.0,,2024-03-07,weighted,biceps
Arms & Shoulders ,2024-03-07 03:11:00,2024-03-07 03:38:00,Triceps Extension (Dumbbell),0,normal,10.0,8.0,,2024-03-07,weighted,triceps
Arms & Shoulders ,2024-03-07 03:11:00,2024-03-07 03:38:00,Arnold Press (Dumbbell),0,normal,10.0,8.0,,2024-03-07,weighted,shoulders
Arms & Shoulders ,2024-03-07 03:11:00,2024-03-07 03:38:00,Arnold Press (Dumbbell),1,normal,10.0,8.0,,2024-03-07,weighted,shoulders
Arms & Shoulders ,2024-03-07 03:11:00,2024-03-07 03:38:00,Front Raise (Dumbbell),0,normal,5.0,8.0,,2024-03-07,weighted,shoulders
Arms & Shoulders ,2024-03-07 03:11:00,2024-03-07 03:38:00,Shoulder Press (Dumbbell),0,normal,10.0,8.0,,2024-03-07,weighted,shoulders
Arms & Shoulders ,2024-03-07 03:11:00,2024-03-07 03:38:00,Crunch,0,normal,,8.0,,2024-03-07,bodyweight,abdominals
Arms & Shoulders ,2024-03-07 03:11:00,2024-03-07 03:38:00,Lat Pulldown (Cable),0,normal,40.0,8.0,,2024-03-07,weighted,lats
Arms & Shoulders ,2024-03-07 03:11:00,2024-03-07 03:38:00,Lat Pulldown (Cable),1,normal,55.0,8.0,,2024-03-07,weighted,lats
Arms & Shoulders ,2024-03-07 03:11:00,2024-03-07 03:38:00,Hip Abduction (Machine),0,normal,40.0,20.0,,2024-03-07,weighted,abductors
Arms & Shoulders ,2024-03-07 03:11:00,2024-03-07 03:38:00,Hip Abduction (Machine),1,normal,40.0,20.0,,2024-03-07,weighted,abductors
Arms & Shoulders ,2024-03-07 03:11:00,2024-03-07 03:38:00,Bulgarian Split Squat (Dumbbell),0,normal,10.0,8.0,,2024-03-07,weighted,quadriceps
Arms & Shoulders ,2024-03-07 03:11:00,2024-03-07 03:38:00,Bulgarian Split Squat (Dumbbell),1,normal,10.0,8.0,,2024-03-07,weighted,quadriceps
Arms & Shoulders ,2024-03-07 03:11:00,2024-03-07 03:38:00,Climbing,0,normal,,,180.0,2024-03-07,timed,cardio
Arms & Shoulders ,2024-03-04 03:56:00,2024-03-04 04:45:00,Stretching,0,normal,,,600.0,2024-03-04,timed,other
Arms & Shoulders ,2024-03-04 03:56:00,2024-03-04 04:45:00,Shrug (Dumbbell),0,normal,10.0,8.0,,2024-03-04,weighted,traps
Arms & Shoulders ,2024-03-04 03:56:00,2024-03-04 04:45:00,Hammer Curl (Dumbbell),0,normal,10.0,8.0,,2024-03-04,weighted,biceps
Arms & Shoulders ,2024-03-04 03:56:00,2024-03-04 04:45:00,Lateral Raise (Dumbbell),0,normal,7.0,8.0,,2024-03-04,weighted,shoulders
Arms & Shoulders ,2024-03-04 03:56:00,2024-03-04 04:45:00,Reverse Curl (Dumbbell),0,normal,10.0,8.0,,2024-03-04,weighted,biceps
Arms & Shoulders ,2024-03-04 03:56:00,2024-03-04 04:45:00,Triceps Extension (Dumbbell),0,normal,10.0,8.0,,2024-03-04,weighted,triceps
Arms & Shoulders ,2024-03-04 03:56:00,2024-03-04 04:45:00,Arnold Press (Dumbbell),0,normal,10.0,8.0,,2024-03-04,weighted,shoulders
Arms & Shoulders ,2024-03-04 03:56:00,2024-03-04 04:45:00,Front Raise (Dumbbell),0,normal,7.0,8.0,,2024-03-04,weighted,shoulders
Arms & Shoulders ,2024-03-04 03:56:00,2024-03-04 04:45:00,Shoulder Press (Dumbbell),0,normal,10.0,8.0,,2024-03-04,weighted,shoulders
Arms & Shoulders ,2024-03-04 03:56:00,2024-03-04 04:45:00,Shoulder Press (Dumbbell),1,normal,15.0,4.0,,2024-03-04,weighted,shoulders
Arms & Shoulders ,2024-03-04 03:56:00,2024-03-04 04:45:00,Crunch,0,normal,,8.0,,2024-03-04,bodyweight,abdominals
Arms & Shoulders ,2024-03-04 03:56:00,2024-03-04 04:45:00,Russian Twist (Bodyweight),0,normal,,8.0,,2024-03-04,bodyweight,abdominals
Arms & Shoulders ,2024-03-04 03:56:00,2024-03-04 04:45:00,Lat Pulldown (Cable),0,normal,40.0,10.0,,2024-03-04,weighted,lats
Arms & Shoulders ,2024-03-04 03:56:00,2024-03-04 04:45:00,Lat Pulldown (Cable),1,normal,55.0,8.0,,2024-03-04,weighted,lats
Arms & Shoulders ,2024-03-04 03:56:00,2024-03-04 04:45:00,Hip Abduction (Machine),0,normal,40.0,20.0,,2024-03-04,weighted,abductors
Arms & Shoulders ,2024-03-04 03:56:00,2024-03-04 04:45:00,Hip Abduction (Machine),1,normal,40.0,20.0,,2024-03-04,weighted,abductors
Arms & Shoulders ,2024-03-04 03:56:00,2024-03-04 04:45:00,Romanian Deadlift (Dumbbell),0,normal,10.0,8.0,,2024-03-04,weighted,hamstrings
Arms & Shoulders ,2024-03-04 03:56:00,2024-03-04 04:45:00,Bulgarian Split Squat (Dumbbell),0,normal,10.0,8.0,,2024-03-04,weighted,quadriceps
Arms & Shoulders ,2024-03-04 03:56:00,2024-03-04 04:45:00,Bulgarian Split Squat (Dumbbell),1,normal,10.0,8.0,,2024-03-04,weighted,quadriceps
Arms & Shoulders ,2024-03-04 03:56:00,2024-03-04 04:45:00,Decline Crunch,0,normal,,12.0,,2024-03-04,bodyweight,abdominals
Arms & Shoulders ,2024-03-04 03:56:00,2024-03-04 04:45:00,Treadmill,0,normal,,,608.0,2024-03-04,timed,cardio
Arms & Shoulders ,2024-03-04 03:56:00,2024-03-04 04:45:00,Hip Thrust (Barbell),0,normal,50.0,10.0,,2024-03-04,weighted,glutes
Arms & Shoulders ,2024-03-01 02:00:00,2024-03-01 03:30:00,Stretching,0,normal,,,600.0,2024-03-01,timed,other
Arms & Shoulders ,2024-03-01 02:00:00,2024-03-01 03:30:00,Shrug (Dumbbell),0,normal,10.0,12.0,,2024-03-01,weighted,traps
Arms & Shoulders ,2024-03-01 02:00:00,2024-03-01 03:30:00,Bicep Curl (Dumbbell),0,normal,10.0,8.0,,2024-03-01,weighted,biceps
Arms & Shoulders ,2024-03-01 02:00:00,2024-03-01 03:30:00,Hammer Curl (Dumbbell),0,normal,10.0,8.0,,2024-03-01,weighted,biceps
Arms & Shoulders ,2024-03-01 02:00:00,2024-03-01 03:30:00,Reverse Curl (Dumbbell),0,normal,10.0,8.0,,2024-03-01,weighted,biceps
Arms & Shoulders ,2024-03-01 02:00:00,2024-03-01 03:30:00,Triceps Extension (Dumbbell),0,normal,10.0,5.0,,2024-03-01,weighted,triceps
Arms & Shoulders ,2024-03-01 02:00:00,2024-03-01 03:30:00,Arnold Press (Dumbbell),0,normal,10.0,10.0,,2024-03-01,weighted,shoulders
Arms & Shoulders ,2024-03-01 02:00:00,2024-03-01 03:30:00,Arnold Press (Dumbbell),1,normal,10.0,10.0,,2024-03-01,weighted,shoulders
Arms & Shoulders ,2024-03-01 02:00:00,2024-03-01 03:30:00,Front Raise (Dumbbell),0,normal,7.0,4.0,,2024-03-01,weighted,shoulders
Arms & Shoulders ,2024-03-01 02:00:00,2024-03-01 03:30:00,Overhead Press (Dumbbell),0,normal,10.0,8.0,,2024-03-01,weighted,shoulders
Arms & Shoulders ,2024-03-01 02:00:00,2024-03-01 03:30:00,Shoulder Press (Dumbbell),0,normal,10.0,8.0,,2024-03-01,weighted,shoulders
Arms & Shoulders ,2024-03-01 02:00:00,2024-03-01 03:30:00,Decline Crunch,0,normal,,10.0,,2024-03-01,bodyweight,abdominals
Arms & Shoulders ,2024-03-01 02:00:00,2024-03-01 03:30:00,Crunch,0,normal,,8.0,,2024-03-01,bodyweight,abdominals
Arms & Shoulders ,2024-03-01 02:00:00,2024-03-01 03:30:00,Crunch,1,normal,,8.0,,2024-03-01,bodyweight,abdominals
Arms & Shoulders ,2024-03-01 02:00:00,2024-03-01 03:30:00,Bulgarian Split Squat (Dumbbell),0,normal,10.0,7.0,,2024-03-01,weighted,quadriceps
Arms & Shoulders ,2024-03-01 02:00:00,2024-03-01 03:30:00,Hip Thrust (Barbell),0,normal,10.0,8.0,,2024-03-01,weighted,glutes
Arms & Shoulders ,2024-03-01 02:00:00,2024-03-01 03:30:00,Romanian Deadlift (Dumbbell),0,normal,10.0,8.0,,2024-03-01,weighted,hamstrings
Arms & Shoulders ,2024-03-01 02:00:00,2024-03-01 03:30:00,Hip Thrust,0,normal,,8.0,,2024-03-01,bodyweight,glutes
Arms & Shoulders ,2024-03-01 02:00:00,2024-03-01 03:30:00,Hip Abduction (Machine),0,normal,30.0,12.0,,2024-03-01,weighted,abductors
Arms & Shoulders ,2024-03-01 02:00:00,2024-03-01 03:30:00,Hip Abduction (Machine),1,normal,30.0,12.0,,2024-03-01,weighted,abductors
Arms & Shoulders ,2024-03-01 02:00:00,2024-03-01 03:30:00,Lat Pulldown (Cable),0,normal,40.0,8.0,,2024-03-01,weighted,lats
Legs,2024-02-28 02:54:00,2024-02-28 03:29:00,Bulgarian Split Squat (Dumbbell),0,normal,10.0,8.0,,2024-02-28,weighted,quadriceps
Legs,2024-02-28 02:54:00,2024-02-28 03:29:00,Romanian Deadlift (Dumbbell),0,normal,10.0,8.0,,2024-02-28,weighted,hamstrings
Legs,2024-02-28 02:54:00,2024-02-28 03:29:00,Standing Calf Raise (Dumbbell),0,normal,10.0,8.0,,2024-02-28,weighted,calves
Legs,2024-02-28 02:54:00,2024-02-28 03:29:00,Decline Crunch,0,normal,,10.0,,2024-02-28,bodyweight,abdominals
Legs,2024-02-28 02:54:00,2024-02-28 03:29:00,Hip Thrust (Barbell),0,normal,10.0,12.0,,2024-02-28,weighted,glutes
Legs,2024-02-28 02:54:00,2024-02-28 03:29:00,Treadmill,0,normal,,,960.0,2024-02-28,timed,cardio
Legs,2024-02-28 02:54:00,2024-02-28 03:29:00,Hanging Knee Raise,0,normal,,8.0,,2024-02-28,bodyweight,abdominals
Legs,2024-02-28 02:54:00,2024-02-28 03:29:00,Hanging Knee Raise,1,normal,,10.0,,2024-02-28,bodyweight,abdominals
Arms & Shoulders ,2024-02-28 02:33:00,2024-02-28 02:53:00,Stretching,0,normal,,,600.0,2024-02-28,timed,other
Arms & Shoulders ,2024-02-28 02:33:00,2024-02-28 02:53:00,Shrug (Dumbbell),0,normal,7.0,8.0,,2024-02-28,weighted,traps
Arms & Shoulders ,2024-02-28 02:33:00,2024-02-28 02:53:00,Hammer Curl (Dumbbell),0,normal,7.0,8.0,,2024-02-28,weighted,biceps
Arms & Shoulders ,2024-02-28 02:33:00,2024-02-28 02:53:00,Reverse Curl (Dumbbell),0,normal,7.0,8.0,,2024-02-28,weighted,biceps
Arms & Shoulders ,2024-02-28 02:33:00,2024-02-28 02:53:00,Triceps Extension (Dumbbell),0,normal,7.0,8.0,,2024-02-28,weighted,triceps
Arms & Shoulders ,2024-02-28 02:33:00,2024-02-28 02:53:00,Arnold Press (Dumbbell),0,normal,7.0,8.0,,2024-02-28,weighted,shoulders
Arms & Shoulders ,2024-02-28 02:33:00,2024-02-28 02:53:00,Shoulder Press (Dumbbell),0,normal,10.0,8.0,,2024-02-28,weighted,shoulders
Arms & Shoulders ,2024-02-28 02:33:00,2024-02-28 02:53:00,Shoulder Press (Dumbbell),1,normal,10.0,8.0,,2024-02-28,weighted,shoulders
Arms & Shoulders ,2024-02-28 02:33:00,2024-02-28 02:53:00,Bench Press (Dumbbell),0,normal,10.0,6.0,,2024-02-28,weighted,chest
Arms & Shoulders ,2024-02-28 02:33:00,2024-02-28 02:53:00,Chest Fly (Dumbbell),0,normal,7.0,8.0,,2024-02-28,weighted,chest
Arms & Shoulders ,2024-02-28 02:33:00,2024-02-28 02:53:00,Hip Thrust (Barbell),0,normal,50.0,10.0,,2024-02-28,weighted,glutes
Arms & Shoulders ,2024-02-14 02:46:00,2024-02-14 03:16:00,Stretching,0,normal,,,600.0,2024-02-14,timed,other
Arms & Shoulders ,2024-02-14 02:46:00,2024-02-14 03:16:00,Shrug (Dumbbell),0,normal,10.0,12.0,,2024-02-14,weighted,traps
Arms & Shoulders ,2024-02-14 02:46:00,2024-02-14 03:16:00,Bicep Curl (Dumbbell),0,normal,10.0,8.0,,2024-02-14,weighted,biceps
Arms & Shoulders ,2024-02-14 02:46:00,2024-02-14 03:16:00,Hammer Curl (Dumbbell),0,normal,10.0,8.0,,2024-02-14,weighted,biceps
Arms & Shoulders ,2024-02-14 02:46:00,2024-02-14 03:16:00,Lateral Raise (Dumbbell),0,normal,7.0,4.0,,2024-02-14,weighted,shoulders
Arms & Shoulders ,2024-02-14 02:46:00,2024-02-14 03:16:00,Reverse Curl (Dumbbell),0,normal,7.0,8.0,,2024-02-14,weighted,biceps
Arms & Shoulders ,2024-02-14 02:46:00,2024-02-14 03:16:00,Triceps Extension (Dumbbell),0,normal,10.0,5.0,,2024-02-14,weighted,triceps
Arms & Shoulders ,2024-02-14 02:46:00,2024-02-14 03:16:00,Arnold Press (Dumbbell),0,normal,10.0,8.0,,2024-02-14,weighted,shoulders
Arms & Shoulders ,2024-02-14 02:46:00,2024-02-14 03:16:00,Front Raise (Dumbbell),0,normal,7.0,4.0,,2024-02-14,weighted,shoulders
Arms & Shoulders ,2024-02-14 02:46:00,2024-02-14 03:16:00,Shoulder Press (Dumbbell),0,normal,10.0,8.0,,2024-02-14,weighted,shoulders
Arms & Shoulders ,2024-02-14 02:46:00,2024-02-14 03:16:00,Treadmill,0,normal,,,600.0,2024-02-14,timed,cardio
Arms & Shoulders ,2024-02-14 02:46:00,2024-02-14 03:16:00,Lat Pulldown (Cable),0,normal,40.0,8.0,,2024-02-14,weighted,lats
Arms & Shoulders ,2024-02-14 02:46:00,2024-02-14 03:16:00,Lat Pulldown (Cable),1,normal,55.0,4.0,,2024-02-14,weighted,lats
Arms & Shoulders ,2024-02-13 00:24:00,2024-02-13 01:09:00,Stretching,0,normal,,,600.0,2024-02-13,timed,other
Arms & Shoulders ,2024-02-13 00:24:00,2024-02-13 01:09:00,Shrug (Dumbbell),0,normal,10.0,8.0,,2024-02-13,weighted,traps
Arms & Shoulders ,2024-02-13 00:24:00,2024-02-13 01:09:00,Bicep Curl (Dumbbell),0,normal,10.0,8.0,,2024-02-13,weighted,biceps
Arms & Shoulders ,2024-02-13 00:24:00,2024-02-13 01:09:00,Hammer Curl (Dumbbell),0,normal,10.0,8.0,,2024-02-13,weighted,biceps
Arms & Shoulders ,2024-02-13 00:24:00,2024-02-13 01:09:00,Lateral Raise (Dumbbell),0,normal,7.0,8.0,,2024-02-13,weighted,shoulders
Arms & Shoulders ,2024-02-13 00:24:00,2024-02-13 01:09:00,Reverse Curl (Dumbbell),0,normal,10.0,8.0,,2024-02-13,weighted,biceps
Arms & Shoulders ,2024-02-13 00:24:00,2024-02-13 01:09:00,Triceps Extension (Dumbbell),0,normal,10.0,6.0,,2024-02-13,weighted,triceps
Arms & Shoulders ,2024-02-13 00:24:00,2024-02-13 01:09:00,Arnold Press (Dumbbell),0,normal,10.0,8.0,,2024-02-13,weighted,shoulders
Arms & Shoulders ,2024-02-13 00:24:00,2024-02-13 01:09:00,Front Raise (Dumbbell),0,normal,7.0,8.0,,2024-02-13,weighted,shoulders
Arms & Shoulders ,2024-02-13 00:24:00,2024-02-13 01:09:00,Overhead Press (Dumbbell),0,normal,10.0,8.0,,2024-02-13,weighted,shoulders
Arms & Shoulders ,2024-02-13 00:24:00,2024-02-13 01:09:00,Lat Pulldown (Cable),0,normal,40.0,10.0,,2024-02-13,weighted,lats
Arms & Shoulders ,2024-02-13 00:24:00,2024-02-13 01:09:00,Lat Pulldown (Cable),1,normal,55.0,4.0,,2024-02-13,weighted,lats
Arms & Shoulders ,2024-02-13 00:24:00,2024-02-13 01:09:00,Lat Pulldown (Cable),2,normal,40.0,8.0,,2024-02-13,weighted,lats
Arms & Shoulders ,2024-02-13 00:24:00,2024-02-13 01:09:00,Decline Crunch,0,normal,,10.0,,2024-02-13,bodyweight,abdominals
Arms & Shoulders ,2024-02-13 00:24:00,2024-02-13 01:09:00,Climbing,0,normal,,,300.0,2024-02-13,timed,cardio
Arms & Shoulders ,2024-02-13 00:24:00,2024-02-13 01:09:00,Treadmill,0,normal,,,600.0,2024-02-13,timed,cardio
Arms & Shoulders ,2024-02-13 00:24:00,2024-02-13 01:09:00,Treadmill,1,normal,,,300.0,2024-02-13,timed,cardio
Arms & Shoulders ,2024-02-12 05:40:00,2024-02-12 09:46:00,Stretching,0,normal,,,600.0,2024-02-12,timed,other
Arms & Shoulders ,2024-02-12 05:40:00,2024-02-12 09:46:00,Shrug (Dumbbell),0,normal,7.0,8.0,,2024-02-12,weighted,traps
Arms & Shoulders ,2024-02-12 05:40:00,2024-02-12 09:46:00,Bicep Curl (Dumbbell),0,normal,7.0,8.0,,2024-02-12,weighted,biceps
Arms & Shoulders ,2024-02-12 05:40:00,2024-02-12 09:46:00,Bicep Curl (Dumbbell),1,normal,7.0,8.0,,2024-02-12,weighted,biceps
Arms & Shoulders ,2024-02-12 05:40:00,2024-02-12 09:46:00,Hammer Curl (Dumbbell),0,normal,7.0,8.0,,2024-02-12,weighted,biceps
Arms & Shoulders ,2024-02-12 05:40:00,2024-02-12 09:46:00,Arnold Press (Dumbbell),0,normal,7.0,8.0,,2024-02-12,weighted,shoulders
Arms & Shoulders ,2024-02-12 05:40:00,2024-02-12 09:46:00,Arnold Press (Dumbbell),1,normal,7.0,8.0,,2024-02-12,weighted,shoulders
Arms & Shoulders ,2024-02-12 05:40:00,2024-02-12 09:46:00,Shoulder Press (Dumbbell),0,normal,7.0,8.0,,2024-02-12,weighted,shoulders
Arms & Shoulders ,2024-02-12 05:40:00,2024-02-12 09:46:00,Treadmill,0,normal,,,600.0,2024-02-12,timed,cardio
Arms & Shoulders ,2024-02-12 05:40:00,2024-02-12 09:46:00,Climbing,0,normal,,,300.0,2024-02-12,timed,cardio
Arms & Shoulders ,2024-02-04 07:58:00,2024-02-04 09:01:00,Treadmill,0,normal,,,300.0,2024-02-04,timed,cardio
Arms & Shoulders ,2024-02-04 07:58:00,2024-02-04 09:01:00,Lat Pulldown (Cable),0,normal,40.0,8.0,,2024-02-04,weighted,lats
Arms & Shoulders ,2024-02-04 07:58:00,2024-02-04 09:01:00,Lat Pulldown (Cable),1,normal,40.0,8.0,,2024-02-04,weighted,lats
Arms & Shoulders ,2024-02-04 07:58:00,2024-02-04 09:01:00,Lat Pulldown (Cable),2,normal,55.0,4.0,,2024-02-04,weighted,lats
Arms & Shoulders ,2024-02-04 07:58:00,2024-02-04 09:01:00,Lat Pulldown (Cable),3,normal,40.0,8.0,,2024-02-04,weighted,lats
Arms & Shoulders ,2024-01-31 23:28:00,2024-02-01 00:33:00,Shrug (Dumbbell),0,normal,5.0,11.0,,2024-01-31,weighted,traps
Arms & Shoulders ,2024-01-31 23:28:00,2024-02-01 00:33:00,Bicep Curl (Dumbbell),0,normal,7.0,10.0,,2024-01-31,weighted,biceps
Arms & Shoulders ,2024-01-31 23:28:00,2024-02-01 00:33:00,Bicep Curl (Dumbbell),1,normal,7.0,8.0,,2024-01-31,weighted,biceps
Arms & Shoulders ,2024-01-31 23:28:00,2024-02-01 00:33:00,Hammer Curl (Dumbbell),0,normal,7.0,8.0,,2024-01-31,weighted,biceps
Arms & Shoulders ,2024-01-31 23:28:00,2024-02-01 00:33:00,Lateral Raise (Dumbbell),0,normal,5.0,8.0,,2024-01-31,weighted,shoulders
Arms & Shoulders ,2024-01-31 23:28:00,2024-02-01 00:33:00,Reverse Curl (Dumbbell),0,normal,7.0,8.0,,2024-01-31,weighted,biceps
Arms & Shoulders ,2024-01-31 23:28:00,2024-02-01 00:33:00,Reverse Curl (Dumbbell),1,normal,7.0,8.0,,2024-01-31,weighted,biceps
Arms & Shoulders ,2024-01-31 23:28:00,2024-02-01 00:33:00,Triceps Extension (Dumbbell),0,normal,7.0,8.0,,2024-01-31,weighted,triceps
Arms & Shoulders ,2024-01-31 23:28:00,2024-02-01 00:33:00,Arnold Press (Dumbbell),0,normal,7.0,8.0,,2024-01-31,weighted,shoulders
Arms & Shoulders ,2024-01-31 23:28:00,2024-02-01 00:33:00,Front Raise (Dumbbell),0,normal,7.0,8.0,,2024-01-31,weighted,shoulders
Arms & Shoulders ,2024-01-31 23:28:00,2024-02-01 00:33:00,Overhead Press (Dumbbell),0,normal,7.0,8.0,,2024-01-31,weighted,shoulders
Arms & Shoulders ,2024-01-31 23:28:00,2024-02-01 00:33:00,Treadmill,0,normal,,,360.0,2024-01-31,timed,cardio
Arms & Shoulders ,2024-01-31 23:28:00,2024-02-01 00:33:00,Decline Crunch,0,normal,,10.0,,2024-01-31,bodyweight,abdominals
Arms & Shoulders ,2024-01-31 23:28:00,2024-02-01 00:33:00,Decline Crunch,1,normal,,8.0,,2024-01-31,bodyweight,abdominals
Arms & Shoulders ,2024-01-31 23:28:00,2024-02-01 00:33:00,Hanging Knee Raise,0,normal,,10.0,,2024-01-31,bodyweight,abdominals
Arms & Shoulders ,2024-01-31 23:28:00,2024-02-01 00:33:00,Hip Thrust (Barbell),0,normal,50.0,10.0,,2024-01-31,weighted,glutes
Arms & Shoulders ,2024-01-17 04:54:00,2024-01-17 05:35:00,Stretching,0,normal,,,420.0,2024-01-17,timed,other
Arms & Shoulders ,2024-01-17 04:54:00,2024-01-17 05:35:00,Shrug (Dumbbell),0,normal,10.0,10.0,,2024-01-17,weighted,traps
Arms & Shoulders ,2024-01-17 04:54:00,2024-01-17 05:35:00,Bicep Curl (Dumbbell),0,normal,10.0,8.0,,2024-01-17,weighted,biceps
Arms & Shoulders ,2024-01-17 04:54:00,2024-01-17 05:35:00,Hammer Curl (Dumbbell),0,normal,10.0,8.0,,2024-01-17,weighted,biceps
Arms & Shoulders ,2024-01-17 04:54:00,2024-01-17 05:35:00,Triceps Extension (Dumbbell),0,normal,10.0,4.0,,2024-01-17,weighted,triceps
Arms & Shoulders ,2024-01-17 04:54:00,2024-01-17 05:35:00,Arnold Press (Dumbbell),0,normal,10.0,7.0,,2024-01-17,weighted,shoulders
Arms & Shoulders ,2024-01-17 04:54:00,2024-01-17 05:35:00,Arnold Press (Dumbbell),1,failure,7.0,3.0,,2024-01-17,weighted,shoulders
Arms & Shoulders ,2024-01-17 04:54:00,2024-01-17 05:35:00,Front Raise (Dumbbell),0,normal,7.0,8.0,,2024-01-17,weighted,shoulders
Arms & Shoulders ,2024-01-17 04:54:00,2024-01-17 05:35:00,Lat Pulldown (Cable),0,normal,40.0,8.0,,2024-01-17,weighted,lats
Arms & Shoulders ,2024-01-17 04:54:00,2024-01-17 05:35:00,Lat Pulldown (Cable),1,normal,40.0,8.0,,2024-01-17,weighted,lats
Arms & Shoulders ,2024-01-17 04:54:00,2024-01-17 05:35:00,Lat Pulldown (Cable),2,normal,55.0,7.0,,2024-01-17,weighted,lats
Arms & Shoulders ,2024-01-17 04:54:00,2024-01-17 05:35:00,Decline Crunch,0,normal,,10.0,,2024-01-17,bodyweight,abdominals
Arms & Shoulders ,2024-01-17 04:54:00,2024-01-17 05:35:00,Decline Crunch,1,normal,,8.0,,2024-01-17,bodyweight,abdominals
Back & Chest ,2024-01-17 04:46:00,2024-01-17 04:54:00,Stretching,0,normal,,,420.0,2024-01-17,timed,other
Arms & Shoulders ,2024-01-15 04:35:00,2024-01-15 04:55:00,Stretching,0,normal,,,600.0,2024-01-15,timed,other
Arms & Shoulders ,2024-01-15 04:35:00,2024-01-15 04:55:00,Shrug (Dumbbell),0,normal,5.0,10.0,,2024-01-15,weighted,traps
Arms & Shoulders ,2024-01-15 04:35:00,2024-01-15 04:55:00,Bicep Curl (Dumbbell),0,normal,5.0,8.0,,2024-01-15,weighted,biceps
Arms & Shoulders ,2024-01-15 04:35:00,2024-01-15 04:55:00,Bicep Curl (Dumbbell),1,normal,5.0,8.0,,2024-01-15,weighted,biceps
Arms & Shoulders ,2024-01-15 04:35:00,2024-01-15 04:55:00,Hammer Curl (Dumbbell),0,normal,7.0,8.0,,2024-01-15,weighted,biceps
Arms & Shoulders ,2024-01-15 04:35:00,2024-01-15 04:55:00,Hammer Curl (Dumbbell),1,normal,7.0,8.0,,2024-01-15,weighted,biceps
Arms & Shoulders ,2024-01-15 04:35:00,2024-01-15 04:55:00,Lateral Raise (Dumbbell),0,normal,5.0,8.0,,2024-01-15,weighted,shoulders
Arms & Shoulders ,2024-01-15 04:35:00,2024-01-15 04:55:00,Lateral Raise (Dumbbell),1,normal,5.0,11.0,,2024-01-15,weighted,shoulders
Arms & Shoulders ,2024-01-15 04:35:00,2024-01-15 04:55:00,Reverse Curl (Dumbbell),0,normal,5.0,8.0,,2024-01-15,weighted,biceps
Arms & Shoulders ,2024-01-15 04:35:00,2024-01-15 04:55:00,Reverse Curl (Dumbbell),1,normal,5.0,8.0,,2024-01-15,weighted,biceps
Arms & Shoulders ,2024-01-15 04:35:00,2024-01-15 04:55:00,Triceps Extension (Dumbbell),0,normal,5.0,8.0,,2024-01-15,weighted,triceps
Arms & Shoulders ,2024-01-15 04:35:00,2024-01-15 04:55:00,Triceps Extension (Dumbbell),1,normal,5.0,1.0,,2024-01-15,weighted,triceps
Arms & Shoulders ,2024-01-15 04:35:00,2024-01-15 04:55:00,Front Raise (Dumbbell),0,normal,5.0,8.0,,2024-01-15,weighted,shoulders
Arms & Shoulders ,2024-01-15 04:35:00,2024-01-15 04:55:00,Front Raise (Dumbbell),1,failure,5.0,5.0,,2024-01-15,weighted,shoulders
Arms & Shoulders ,2024-01-15 04:35:00,2024-01-15 04:55:00,Overhead Press (Dumbbell),0,normal,5.0,8.0,,2024-01-15,weighted,shoulders
Arms & Shoulders ,2024-01-15 04:35:00,2024-01-15 04:55:00,Overhead Press (Dumbbell),1,normal,5.0,8.0,,2024-01-15,weighted,shoulders
