"title","start_time","end_time","description","exercise_title","superset_id","exercise_notes","set_index","set_type","weight_lbs","reps","distance_miles","duration_seconds","rpe"
"Home Gym - Wed","Jul 28, 2026, 6:49 PM","Jul 28, 2026, 7:34 PM","","Shoulder Press (Dumbbell)",,"",0,"normal",10,10,,,
"Home Gym - Wed","Jul 28, 2026, 6:49 PM","Jul 28, 2026, 7:34 PM","","Shoulder Press (Dumbbell)",,"",1,"normal",10,10,,,
"Home Gym - Wed","Jul 28, 2026, 6:49 PM","Jul 28, 2026, 7:34 PM","","Shoulder Press (Dumbbell)",,"",2,"normal",15,4,,,
"Home Gym - Wed","Jul 28, 2026, 6:49 PM","Jul 28, 2026, 7:34 PM","","Chest Fly (Dumbbell)",,"",0,"normal",5,10,,,
"Home Gym - Wed","Jul 28, 2026, 6:49 PM","Jul 28, 2026, 7:34 PM","","Chest Fly (Dumbbell)",,"",1,"normal",5,10,,,
"Home Gym - Wed","Jul 28, 2026, 6:49 PM","Jul 28, 2026, 7:34 PM","","Chest Fly (Dumbbell)",,"",2,"normal",5,10,,,
"Home Gym - Wed","Jul 28, 2026, 6:49 PM","Jul 28, 2026, 7:34 PM","","Lateral Raise (Dumbbell)",,"",0,"normal",5,10,,,
"Home Gym - Wed","Jul 28, 2026, 6:49 PM","Jul 28, 2026, 7:34 PM","","Lateral Raise (Dumbbell)",,"",1,"normal",5,10,,,
"Home Gym - Wed","Jul 28, 2026, 6:49 PM","Jul 28, 2026, 7:34 PM","","Lateral Raise (Dumbbell)",,"",2,"normal",5,12,,,
"Home Gym - Wed","Jul 28, 2026, 6:49 PM","Jul 28, 2026, 7:34 PM","","Triceps Kickback (Dumbbell)",,"",0,"normal",5,10,,,
"Home Gym - Wed","Jul 28, 2026, 6:49 PM","Jul 28, 2026, 7:34 PM","","Triceps Kickback (Dumbbell)",,"",1,"normal",5,10,,,
"Home Gym - Wed","Jul 28, 2026, 6:49 PM","Jul 28, 2026, 7:34 PM","","Triceps Kickback (Dumbbell)",,"",2,"normal",5,10,,,
"Home Gym - Wed","Jul 28, 2026, 6:49 PM","Jul 28, 2026, 7:34 PM","","Stretching",,"",0,"normal",,,,300,
"Home Gym - Wed","Jul 28, 2026, 6:49 PM","Jul 28, 2026, 7:34 PM","","Dead Bug",,"",0,"normal",,10,,,
"Home Gym - Wed","Jul 28, 2026, 6:49 PM","Jul 28, 2026, 7:34 PM","","Dead Bug",,"",1,"normal",,10,,,
"Home Gym - Wed","Jul 28, 2026, 6:49 PM","Jul 28, 2026, 7:34 PM","","Dead Bug",,"",2,"normal",,8,,,
"Home Gym - Wed","Jul 28, 2026, 6:49 PM","Jul 28, 2026, 7:34 PM","","Scapular Pull Ups",,"",0,"normal",,5,,,
"Home Gym - Wed","Jul 28, 2026, 6:49 PM","Jul 28, 2026, 7:34 PM","","Scapular Pull Ups",,"",1,"normal",,5,,,
"Real Gym - Fri","Jul 27, 2026, 3:13 PM","Jul 27, 2026, 4:04 PM","","Lat Pulldown (Cable)",,"",0,"normal",55,8,,,
"Real Gym - Fri","Jul 27, 2026, 3:13 PM","Jul 27, 2026, 4:04 PM","","Lat Pulldown (Cable)",,"",1,"normal",55,8,,,
"Real Gym - Fri","Jul 27, 2026, 3:13 PM","Jul 27, 2026, 4:04 PM","","Lat Pulldown (Cable)",,"",2,"normal",55,8,,,
"Real Gym - Fri","Jul 27, 2026, 3:13 PM","Jul 27, 2026, 4:04 PM","","Lat Pulldown (Cable)",,"",3,"normal",40,12,,,
"Real Gym - Fri","Jul 27, 2026, 3:13 PM","Jul 27, 2026, 4:04 PM","","Seated Row (Machine)",,"",0,"normal",55,10,,,
"Real Gym - Fri","Jul 27, 2026, 3:13 PM","Jul 27, 2026, 4:04 PM","","Seated Row (Machine)",,"",1,"normal",55,10,,,
"Real Gym - Fri","Jul 27, 2026, 3:13 PM","Jul 27, 2026, 4:04 PM","","Seated Row (Machine)",,"",2,"normal",40,12,,,
"Real Gym - Fri","Jul 27, 2026, 3:13 PM","Jul 27, 2026, 4:04 PM","","Face Pull",,"",0,"normal",5,10,,,
"Real Gym - Fri","Jul 27, 2026, 3:13 PM","Jul 27, 2026, 4:04 PM","","Face Pull",,"",1,"normal",5,10,,,
"Real Gym - Fri","Jul 27, 2026, 3:13 PM","Jul 27, 2026, 4:04 PM","","Face Pull",,"",2,"normal",2.5,15,,,
"Real Gym - Fri","Jul 27, 2026, 3:13 PM","Jul 27, 2026, 4:04 PM","","Hanging Knee Raise",,"",0,"normal",,4,,,
"Real Gym - Fri","Jul 27, 2026, 3:13 PM","Jul 27, 2026, 4:04 PM","","Hanging Knee Raise",,"",1,"normal",,8,,,
"Real Gym - Fri","Jul 27, 2026, 3:13 PM","Jul 27, 2026, 4:04 PM","","Hanging Knee Raise",,"",2,"normal",,5,,,
"Real Gym - Fri","Jul 27, 2026, 3:13 PM","Jul 27, 2026, 4:04 PM","","Stretching",,"",0,"normal",,,,510,
"Real Gym - Fri","Jul 27, 2026, 3:13 PM","Jul 27, 2026, 4:04 PM","","Leg Press (Machine)",,"",0,"normal",85,12,,,
"Real Gym - Fri","Jul 27, 2026, 3:13 PM","Jul 27, 2026, 4:04 PM","","Leg Press (Machine)",,"",1,"normal",85,10,,,
"Real Gym - Fri","Jul 27, 2026, 3:13 PM","Jul 27, 2026, 4:04 PM","","Leg Press (Machine)",,"",2,"normal",100,10,,,
"Real Gym - Fri","Jul 27, 2026, 3:13 PM","Jul 27, 2026, 4:04 PM","","Calf Press (Machine)",,"",0,"normal",85,12,,,
"Real Gym - Fri","Jul 27, 2026, 3:13 PM","Jul 27, 2026, 4:04 PM","","Calf Press (Machine)",,"",1,"normal",100,12,,,
"Real Gym - Fri","Jul 27, 2026, 3:13 PM","Jul 27, 2026, 4:04 PM","","Dead Bug",,"",0,"normal",,10,,,
"Real Gym - Fri","Jul 27, 2026, 3:13 PM","Jul 27, 2026, 4:04 PM","","Dead Bug",,"",1,"normal",,10,,,
"Real Gym - Fri","Jul 27, 2026, 3:13 PM","Jul 27, 2026, 4:04 PM","","Dead Bug",,"",2,"normal",,8,,,
"Real Gym - Fri","Jul 27, 2026, 3:13 PM","Jul 27, 2026, 4:04 PM","","Scapular Pull Ups",,"",0,"normal",,5,,,
"Real Gym - Fri","Jul 27, 2026, 3:13 PM","Jul 27, 2026, 4:04 PM","","Scapular Pull Ups",,"",1,"normal",,5,,,
"Real Gym - Fri","Jul 27, 2026, 3:13 PM","Jul 27, 2026, 4:04 PM","","Scapular Pull Ups",,"",2,"normal",,5,,,
"Afternoon workout 💪","Jul 21, 2026, 6:08 PM","Jul 21, 2026, 6:53 PM","","HIIT",,"",0,"normal",,,,2700,
"Real Gym - Fri","Jul 20, 2026, 12:09 PM","Jul 20, 2026, 12:53 PM","","Lat Pulldown (Cable)",,"",0,"normal",55,8,,,
"Real Gym - Fri","Jul 20, 2026, 12:09 PM","Jul 20, 2026, 12:53 PM","","Lat Pulldown (Cable)",,"",1,"normal",55,8,,,
"Real Gym - Fri","Jul 20, 2026, 12:09 PM","Jul 20, 2026, 12:53 PM","","Lat Pulldown (Cable)",,"",2,"normal",55,8,,,
"Real Gym - Fri","Jul 20, 2026, 12:09 PM","Jul 20, 2026, 12:53 PM","","Lat Pulldown (Cable)",,"",3,"normal",40,12,,,
"Real Gym - Fri","Jul 20, 2026, 12:09 PM","Jul 20, 2026, 12:53 PM","","Seated Row (Machine)",,"",0,"normal",55,8,,,
"Real Gym - Fri","Jul 20, 2026, 12:09 PM","Jul 20, 2026, 12:53 PM","","Seated Row (Machine)",,"",1,"normal",55,8,,,
"Real Gym - Fri","Jul 20, 2026, 12:09 PM","Jul 20, 2026, 12:53 PM","","Seated Row (Machine)",,"",2,"normal",40,12,,,
"Real Gym - Fri","Jul 20, 2026, 12:09 PM","Jul 20, 2026, 12:53 PM","","Face Pull",,"",0,"normal",2.5,15,,,
"Real Gym - Fri","Jul 20, 2026, 12:09 PM","Jul 20, 2026, 12:53 PM","","Face Pull",,"",1,"normal",5,10,,,
"Real Gym - Fri","Jul 20, 2026, 12:09 PM","Jul 20, 2026, 12:53 PM","","Face Pull",,"",2,"normal",5,10,,,
"Real Gym - Fri","Jul 20, 2026, 12:09 PM","Jul 20, 2026, 12:53 PM","","Hanging Knee Raise",,"",0,"normal",,4,,,
"Real Gym - Fri","Jul 20, 2026, 12:09 PM","Jul 20, 2026, 12:53 PM","","Hanging Knee Raise",,"",1,"normal",,4,,,
"Real Gym - Fri","Jul 20, 2026, 12:09 PM","Jul 20, 2026, 12:53 PM","","Stretching",,"",0,"normal",,,,380,
"Real Gym - Fri","Jul 20, 2026, 12:09 PM","Jul 20, 2026, 12:53 PM","","Incline Chest Press (Machine)",,"",0,"normal",15,10,,,
"Real Gym - Fri","Jul 20, 2026, 12:09 PM","Jul 20, 2026, 12:53 PM","","Incline Chest Press (Machine)",,"",1,"normal",15,6,,,
"Real Gym - Fri","Jul 20, 2026, 12:09 PM","Jul 20, 2026, 12:53 PM","","Leg Press (Machine)",,"",0,"normal",70,10,,,
"Real Gym - Fri","Jul 20, 2026, 12:09 PM","Jul 20, 2026, 12:53 PM","","Leg Press (Machine)",,"",1,"normal",70,10,,,
"Real Gym - Fri","Jul 20, 2026, 12:09 PM","Jul 20, 2026, 12:53 PM","","Calf Press (Machine)",,"",0,"normal",70,12,,,
"Real Gym - Fri","Jul 20, 2026, 12:09 PM","Jul 20, 2026, 12:53 PM","","Calf Press (Machine)",,"",1,"normal",85,12,,,
"Real Gym - Fri","Jul 20, 2026, 12:09 PM","Jul 20, 2026, 12:53 PM","","Dead Bug",,"",0,"normal",,10,,,
"Real Gym - Fri","Jul 20, 2026, 12:09 PM","Jul 20, 2026, 12:53 PM","","Dead Bug",,"",1,"normal",,10,,,
"Evening workout 🏋️","Jul 19, 2026, 8:52 PM","Jul 19, 2026, 8:54 PM","","Walking",,"",0,"normal",,,3.5,75,
"Evening workout 🏋️","Jul 18, 2026, 7:40 PM","Jul 18, 2026, 8:40 PM","","Swimming",,"",0,"normal",,,2.5,3600,
"Late night workout 🌙","Jul 18, 2026, 2:51 AM","Jul 18, 2026, 2:54 AM","","HIIT",,"",0,"normal",,,,3600,
"Real Gym - Fri","Jul 15, 2026, 4:43 PM","Jul 15, 2026, 5:27 PM","","Lat Pulldown (Cable)",,"",0,"normal",40,10,,,
"Real Gym - Fri","Jul 15, 2026, 4:43 PM","Jul 15, 2026, 5:27 PM","","Lat Pulldown (Cable)",,"",1,"normal",40,10,,,
"Real Gym - Fri","Jul 15, 2026, 4:43 PM","Jul 15, 2026, 5:27 PM","","Lat Pulldown (Cable)",,"",2,"normal",40,10,,,
"Real Gym - Fri","Jul 15, 2026, 4:43 PM","Jul 15, 2026, 5:27 PM","","Lat Pulldown (Cable)",,"",3,"normal",55,8,,,
"Real Gym - Fri","Jul 15, 2026, 4:43 PM","Jul 15, 2026, 5:27 PM","","Seated Row (Machine)",,"",0,"normal",40,10,,,
"Real Gym - Fri","Jul 15, 2026, 4:43 PM","Jul 15, 2026, 5:27 PM","","Seated Row (Machine)",,"",1,"normal",40,10,,,
"Real Gym - Fri","Jul 15, 2026, 4:43 PM","Jul 15, 2026, 5:27 PM","","Seated Row (Machine)",,"",2,"normal",40,10,,,
"Real Gym - Fri","Jul 15, 2026, 4:43 PM","Jul 15, 2026, 5:27 PM","","Face Pull",,"",0,"normal",2.5,8,,,
"Real Gym - Fri","Jul 15, 2026, 4:43 PM","Jul 15, 2026, 5:27 PM","","Face Pull",,"",1,"normal",2.5,8,,,
"Real Gym - Fri","Jul 15, 2026, 4:43 PM","Jul 15, 2026, 5:27 PM","","Face Pull",,"",2,"normal",2.5,15,,,
"Real Gym - Fri","Jul 15, 2026, 4:43 PM","Jul 15, 2026, 5:27 PM","","Hanging Knee Raise",,"",0,"normal",,8,,,
"Real Gym - Fri","Jul 15, 2026, 4:43 PM","Jul 15, 2026, 5:27 PM","","Hanging Knee Raise",,"",1,"normal",,8,,,
"Real Gym - Fri","Jul 15, 2026, 4:43 PM","Jul 15, 2026, 5:27 PM","","Stretching",,"",0,"normal",,,,403,
"Real Gym - Fri","Jul 15, 2026, 4:43 PM","Jul 15, 2026, 5:27 PM","","Dead Bug",,"",0,"normal",,10,,,
"Real Gym - Fri","Jul 15, 2026, 4:43 PM","Jul 15, 2026, 5:27 PM","","Dead Bug",,"",1,"normal",,10,,,
"Real Gym - Fri","Jul 15, 2026, 4:43 PM","Jul 15, 2026, 5:27 PM","","Plank",,"",0,"normal",,,,25,
"Home Gym - Wed","Jul 14, 2026, 9:14 PM","Jul 14, 2026, 9:49 PM","","Shoulder Press (Dumbbell)",,"",0,"normal",10,10,,,
"Home Gym - Wed","Jul 14, 2026, 9:14 PM","Jul 14, 2026, 9:49 PM","","Shoulder Press (Dumbbell)",,"",1,"normal",10,10,,,
"Home Gym - Wed","Jul 14, 2026, 9:14 PM","Jul 14, 2026, 9:49 PM","","Chest Fly (Dumbbell)",,"",0,"normal",5,10,,,
"Home Gym - Wed","Jul 14, 2026, 9:14 PM","Jul 14, 2026, 9:49 PM","","Chest Fly (Dumbbell)",,"",1,"normal",5,10,,,
"Home Gym - Wed","Jul 14, 2026, 9:14 PM","Jul 14, 2026, 9:49 PM","","Incline Bench Press (Dumbbell)",,"",0,"normal",10,8,,,
"Home Gym - Wed","Jul 14, 2026, 9:14 PM","Jul 14, 2026, 9:49 PM","","Incline Bench Press (Dumbbell)",,"",1,"normal",10,8,,,
"Home Gym - Wed","Jul 14, 2026, 9:14 PM","Jul 14, 2026, 9:49 PM","","Lateral Raise (Dumbbell)",,"",0,"normal",5,10,,,
"Home Gym - Wed","Jul 14, 2026, 9:14 PM","Jul 14, 2026, 9:49 PM","","Lateral Raise (Dumbbell)",,"",1,"normal",5,10,,,
"Home Gym - Wed","Jul 14, 2026, 9:14 PM","Jul 14, 2026, 9:49 PM","","Triceps Kickback (Dumbbell)",,"",0,"normal",5,10,,,
"Home Gym - Wed","Jul 14, 2026, 9:14 PM","Jul 14, 2026, 9:49 PM","","Triceps Kickback (Dumbbell)",,"",1,"normal",5,10,,,
"Home Gym - Wed","Jul 14, 2026, 9:14 PM","Jul 14, 2026, 9:49 PM","","Dead Bug",,"",0,"normal",,10,,,
"Home Gym - Wed","Jul 14, 2026, 9:14 PM","Jul 14, 2026, 9:49 PM","","Dead Bug",,"",1,"normal",,10,,,
"Home Gym - Wed","Jul 14, 2026, 9:14 PM","Jul 14, 2026, 9:49 PM","","Dead Bug",,"",2,"normal",,10,,,
"Evening workout 🏋️","Jul 10, 2026, 8:53 PM","Jul 10, 2026, 8:54 PM","","Cycling",,"",0,"normal",,,1.2,38,
"Late night workout 🌙","Jul 3, 2026, 11:41 PM","Jul 4, 2026, 12:08 AM","","Squat (Bodyweight)",,"",0,"normal",,10,,,
"Late night workout 🌙","Jul 3, 2026, 11:41 PM","Jul 4, 2026, 12:08 AM","","Cat-Cow",,"",0,"normal",,8,,,
"Late night workout 🌙","Jul 3, 2026, 11:41 PM","Jul 4, 2026, 12:08 AM","","Band Pullaparts",,"",0,"normal",,12,,,
"Late night workout 🌙","Jul 3, 2026, 11:41 PM","Jul 4, 2026, 12:08 AM","","Band Pullaparts",,"",1,"normal",,12,,,
"Late night workout 🌙","Jul 3, 2026, 11:41 PM","Jul 4, 2026, 12:08 AM","","Band Pullaparts",,"",2,"normal",,12,,,
"Late night workout 🌙","Jul 3, 2026, 11:41 PM","Jul 4, 2026, 12:08 AM","","Kneeling Push Up",,"",0,"normal",,7,,,
"Late night workout 🌙","Jul 3, 2026, 11:41 PM","Jul 4, 2026, 12:08 AM","","Kneeling Push Up",,"",1,"normal",,7,,,
"Late night workout 🌙","Jul 3, 2026, 11:41 PM","Jul 4, 2026, 12:08 AM","","Bent Over Row (Band)",,"",0,"normal",,12,,,
"Late night workout 🌙","Jul 3, 2026, 11:41 PM","Jul 4, 2026, 12:08 AM","","Bent Over Row (Band)",,"",1,"normal",,10,,,
"Late night workout 🌙","Jul 3, 2026, 11:41 PM","Jul 4, 2026, 12:08 AM","","Bird Dog",,"",0,"normal",,8,,,
"Home Gym - Wed","May 28, 2026, 9:26 PM","May 28, 2026, 10:19 PM","","Shoulder Press (Dumbbell)",,"",0,"normal",10,10,,,
"Home Gym - Wed","May 28, 2026, 9:26 PM","May 28, 2026, 10:19 PM","","Shoulder Press (Dumbbell)",,"",1,"normal",10,10,,,
"Home Gym - Wed","May 28, 2026, 9:26 PM","May 28, 2026, 10:19 PM","","Shoulder Press (Dumbbell)",,"",2,"normal",10,10,,,
"Home Gym - Wed","May 28, 2026, 9:26 PM","May 28, 2026, 10:19 PM","","Chest Fly (Dumbbell)",,"",0,"normal",5,10,,,
"Home Gym - Wed","May 28, 2026, 9:26 PM","May 28, 2026, 10:19 PM","","Chest Fly (Dumbbell)",,"",1,"normal",5,6,,,
"Home Gym - Wed","May 28, 2026, 9:26 PM","May 28, 2026, 10:19 PM","","Chest Fly (Dumbbell)",,"",2,"normal",5,10,,,
"Home Gym - Wed","May 28, 2026, 9:26 PM","May 28, 2026, 10:19 PM","","Incline Bench Press (Dumbbell)",,"",0,"normal",10,10,,,
"Home Gym - Wed","May 28, 2026, 9:26 PM","May 28, 2026, 10:19 PM","","Lateral Raise (Dumbbell)",,"",0,"normal",5,10,,,
"Home Gym - Wed","May 28, 2026, 9:26 PM","May 28, 2026, 10:19 PM","","Lateral Raise (Dumbbell)",,"",1,"normal",5,6,,,
"Home Gym - Wed","May 28, 2026, 9:26 PM","May 28, 2026, 10:19 PM","","Triceps Kickback (Dumbbell)",,"",0,"normal",5,8,,,
"Home Gym - Wed","May 28, 2026, 9:26 PM","May 28, 2026, 10:19 PM","","Triceps Kickback (Dumbbell)",,"",1,"normal",5,8,,,
"Home Gym - Wed","May 28, 2026, 9:26 PM","May 28, 2026, 10:19 PM","","Triceps Kickback (Dumbbell)",,"",2,"normal",5,8,,,
"Home Gym - Wed","May 28, 2026, 9:26 PM","May 28, 2026, 10:19 PM","","Dead Bug",,"",0,"normal",,8,,,
"Home Gym - Wed","May 28, 2026, 9:26 PM","May 28, 2026, 10:19 PM","","Dead Bug",,"",1,"normal",,8,,,
"Home Gym - Wed","May 28, 2026, 9:26 PM","May 28, 2026, 10:19 PM","","Dead Bug",,"",2,"normal",,10,,,
"Home Gym - Wed","May 28, 2026, 9:26 PM","May 28, 2026, 10:19 PM","","Stretching",,"",0,"normal",,,,300,
"Home Gym - Wed","May 28, 2026, 9:26 PM","May 28, 2026, 10:19 PM","","Hip Thrust (Barbell)",,"",0,"normal",10,10,,,
"Home Gym - Wed","May 28, 2026, 9:26 PM","May 28, 2026, 10:19 PM","","Hip Thrust (Barbell)",,"",1,"normal",10,10,,,
"Afternoon workout 💪","May 25, 2026, 5:07 PM","May 25, 2026, 5:48 PM","","Stretching",,"",0,"normal",,,,300,
"Afternoon workout 💪","May 25, 2026, 5:07 PM","May 25, 2026, 5:48 PM","","Chest Supported Reverse Fly (Dumbbell)",,"",0,"normal",5,8,,,
"Afternoon workout 💪","May 25, 2026, 5:07 PM","May 25, 2026, 5:48 PM","","Chest Supported Reverse Fly (Dumbbell)",,"",1,"normal",5,10,,,
"Afternoon workout 💪","May 25, 2026, 5:07 PM","May 25, 2026, 5:48 PM","","Hammer Curl (Dumbbell)",,"",0,"normal",10,10,,,
"Afternoon workout 💪","May 25, 2026, 5:07 PM","May 25, 2026, 5:48 PM","","Hammer Curl (Dumbbell)",,"",1,"normal",10,8,,,
"Afternoon workout 💪","May 25, 2026, 5:07 PM","May 25, 2026, 5:48 PM","","Dumbbell Row",,"",0,"normal",10,8,,,
"Afternoon workout 💪","May 25, 2026, 5:07 PM","May 25, 2026, 5:48 PM","","Dumbbell Row",,"",1,"normal",10,8,,,
"Afternoon workout 💪","May 25, 2026, 5:07 PM","May 25, 2026, 5:48 PM","","Pullover (Dumbbell)",,"",0,"normal",10,8,,,
"Afternoon workout 💪","May 25, 2026, 5:07 PM","May 25, 2026, 5:48 PM","","Pullover (Dumbbell)",,"",1,"normal",10,6,,,
"Afternoon workout 💪","May 25, 2026, 5:07 PM","May 25, 2026, 5:48 PM","","Shrug (Dumbbell)",,"",0,"normal",10,10,,,
"Afternoon workout 💪","May 25, 2026, 5:07 PM","May 25, 2026, 5:48 PM","","Shrug (Dumbbell)",,"",1,"normal",15,10,,,
"Afternoon workout 💪","May 25, 2026, 5:07 PM","May 25, 2026, 5:48 PM","","Shrug (Dumbbell)",,"",2,"normal",15,10,,,
"Afternoon workout 💪","May 25, 2026, 5:07 PM","May 25, 2026, 5:48 PM","","Chest Supported Incline Row (Dumbbell)",,"",0,"normal",7,10,,,
"Afternoon workout 💪","May 25, 2026, 5:07 PM","May 25, 2026, 5:48 PM","","Chest Supported Incline Row (Dumbbell)",,"",1,"normal",10,12,,,
"Afternoon workout 💪","May 25, 2026, 5:07 PM","May 25, 2026, 5:48 PM","","Hanging Knee Raise",,"",0,"normal",,8,,,
"Afternoon workout 💪","May 25, 2026, 5:07 PM","May 25, 2026, 5:48 PM","","Triceps Kickback (Dumbbell)",,"",0,"normal",5,8,,,
"Afternoon workout 💪","May 25, 2026, 5:07 PM","May 25, 2026, 5:48 PM","","Triceps Kickback (Dumbbell)",,"",1,"normal",5,8,,,
"Afternoon workout 💪","May 25, 2026, 5:07 PM","May 25, 2026, 5:48 PM","","Shoulder Press (Dumbbell)",,"",0,"normal",10,10,,,
"Afternoon workout 💪","May 25, 2026, 5:07 PM","May 25, 2026, 5:48 PM","","Shoulder Press (Dumbbell)",,"",1,"normal",10,6,,,
"Afternoon workout 💪","May 25, 2026, 5:07 PM","May 25, 2026, 5:48 PM","","Romanian Deadlift (Dumbbell)",,"",0,"normal",10,8,,,
"Afternoon workout 💪","May 25, 2026, 5:07 PM","May 25, 2026, 5:48 PM","","Romanian Deadlift (Dumbbell)",,"",1,"normal",5,10,,,
"Evening workout 🏋️","May 24, 2026, 8:47 PM","May 24, 2026, 9:12 PM","","Walking",,"",0,"normal",,,,1500,
"Home - Mon/Thurs/Sat","May 23, 2026, 10:42 PM","May 23, 2026, 11:01 PM","","Squat (Bodyweight)",,"",0,"normal",,10,,,
"Home - Mon/Thurs/Sat","May 23, 2026, 10:42 PM","May 23, 2026, 11:01 PM","","Squat (Bodyweight)",,"",1,"normal",,10,,,
"Home - Mon/Thurs/Sat","May 23, 2026, 10:42 PM","May 23, 2026, 11:01 PM","","Bent Over Row (Band)",,"",0,"normal",,10,,,
"Home - Mon/Thurs/Sat","May 23, 2026, 10:42 PM","May 23, 2026, 11:01 PM","","Bent Over Row (Band)",,"",1,"normal",,10,,,
"Home - Mon/Thurs/Sat","May 23, 2026, 10:42 PM","May 23, 2026, 11:01 PM","","Bent Over Row (Band)",,"",2,"normal",,10,,,
"Home - Mon/Thurs/Sat","May 23, 2026, 10:42 PM","May 23, 2026, 11:01 PM","","Incline Push Ups",,"",0,"normal",,10,,,
"Home - Mon/Thurs/Sat","May 23, 2026, 10:42 PM","May 23, 2026, 11:01 PM","","Incline Push Ups",,"",1,"normal",,10,,,
"Home - Mon/Thurs/Sat","May 23, 2026, 10:42 PM","May 23, 2026, 11:01 PM","","Glute Bridge",,"",0,"normal",,10,,,
"Home - Mon/Thurs/Sat","May 23, 2026, 10:42 PM","May 23, 2026, 11:01 PM","","Glute Bridge",,"",1,"normal",,10,,,
"Home - Mon/Thurs/Sat","May 23, 2026, 10:42 PM","May 23, 2026, 11:01 PM","","Heel Taps",,"",0,"normal",,10,,,
"Home - Mon/Thurs/Sat","May 23, 2026, 10:42 PM","May 23, 2026, 11:01 PM","","Heel Taps",,"",1,"normal",,8,,,
"Home - Mon/Thurs/Sat","May 23, 2026, 10:42 PM","May 23, 2026, 11:01 PM","","Dead Bug",,"",0,"normal",,8,,,
"Home - Mon/Thurs/Sat","May 23, 2026, 10:42 PM","May 23, 2026, 11:01 PM","","Dead Bug",,"",1,"normal",,7,,,
"Home - Mon/Thurs/Sat","May 23, 2026, 10:42 PM","May 23, 2026, 11:01 PM","","Plank",,"",0,"normal",,,,34,
"Home - Mon/Thurs/Sat","May 23, 2026, 10:42 PM","May 23, 2026, 11:01 PM","","Plank",,"",1,"normal",,,,30,
"Home - Mon/Thurs/Sat","May 23, 2026, 10:42 PM","May 23, 2026, 11:01 PM","","Push Up",,"",0,"normal",,2,,,
"Home - Mon/Thurs/Sat","May 23, 2026, 10:42 PM","May 23, 2026, 11:01 PM","","HIIT",,"",0,"normal",,,,600,
"Afternoon workout 💪","May 19, 2026, 12:45 PM","May 19, 2026, 1:00 PM","","HIIT",,"",0,"normal",,,,600,
"Afternoon workout 💪","May 19, 2026, 12:45 PM","May 19, 2026, 1:00 PM","","HIIT",,"",1,"normal",,,,300,
"Afternoon workout 💪","May 18, 2026, 4:13 PM","May 18, 2026, 4:57 PM","","HIIT",,"",0,"normal",,,,300,
"Afternoon workout 💪","May 18, 2026, 4:13 PM","May 18, 2026, 4:57 PM","","HIIT",,"",1,"normal",,,,2311,
"Home - Mon/Thurs/Sat","May 11, 2026, 9:45 PM","May 11, 2026, 11:09 PM","","Squat (Bodyweight)",,"",0,"normal",,10,,,
"Home - Mon/Thurs/Sat","May 11, 2026, 9:45 PM","May 11, 2026, 11:09 PM","","Squat (Bodyweight)",,"",1,"normal",,10,,,
"Home - Mon/Thurs/Sat","May 11, 2026, 9:45 PM","May 11, 2026, 11:09 PM","","Bent Over Row (Band)",,"",0,"normal",,10,,,
"Home - Mon/Thurs/Sat","May 11, 2026, 9:45 PM","May 11, 2026, 11:09 PM","","Bent Over Row (Band)",,"",1,"normal",,10,,,
"Home - Mon/Thurs/Sat","May 11, 2026, 9:45 PM","May 11, 2026, 11:09 PM","","Bent Over Row (Band)",,"",2,"normal",,10,,,
"Home - Mon/Thurs/Sat","May 11, 2026, 9:45 PM","May 11, 2026, 11:09 PM","","Dead Bug",,"",0,"normal",,10,,,
"Home - Mon/Thurs/Sat","May 11, 2026, 9:45 PM","May 11, 2026, 11:09 PM","","Dead Bug",,"",1,"normal",,10,,,
"GYM - Monday/Friday","May 5, 2026, 1:57 PM","May 5, 2026, 2:32 PM","","Dead Bug",,"",0,"normal",,10,,,
"GYM - Monday/Friday","May 5, 2026, 1:57 PM","May 5, 2026, 2:32 PM","","Dead Bug",,"",1,"normal",,10,,,
"GYM - Monday/Friday","May 5, 2026, 1:57 PM","May 5, 2026, 2:32 PM","","Lat Pulldown (Cable)",,"",0,"normal",55,10,,,
"GYM - Monday/Friday","May 5, 2026, 1:57 PM","May 5, 2026, 2:32 PM","","Lat Pulldown (Cable)",,"",1,"normal",55,4,,,
"GYM - Monday/Friday","May 5, 2026, 1:57 PM","May 5, 2026, 2:32 PM","","Lat Pulldown (Cable)",,"",2,"normal",40,10,,,
"GYM - Monday/Friday","May 5, 2026, 1:57 PM","May 5, 2026, 2:32 PM","","Seated Row (Machine)",,"",0,"normal",55,5,,,
"GYM - Monday/Friday","May 5, 2026, 1:57 PM","May 5, 2026, 2:32 PM","","Seated Row (Machine)",,"",1,"normal",40,10,,,
"GYM - Monday/Friday","May 5, 2026, 1:57 PM","May 5, 2026, 2:32 PM","","Knee Raise Parallel Bars",,"",0,"normal",,10,,,
"GYM - Monday/Friday","May 5, 2026, 1:57 PM","May 5, 2026, 2:32 PM","","Knee Raise Parallel Bars",,"",1,"normal",,10,,,
"GYM - Monday/Friday","May 5, 2026, 1:57 PM","May 5, 2026, 2:32 PM","","Knee Raise Parallel Bars",,"",2,"normal",,10,,,
"GYM - Monday/Friday","May 5, 2026, 1:57 PM","May 5, 2026, 2:32 PM","","Stretching",,"",0,"normal",,,,120,
"GYM - Monday/Friday","May 5, 2026, 1:57 PM","May 5, 2026, 2:32 PM","","Leg Raise Parallel Bars",,"",0,"normal",,6,,,
"GYM - Monday/Friday","May 5, 2026, 1:57 PM","May 5, 2026, 2:32 PM","","Leg Press (Machine)",,"",0,"normal",70,10,,,
"GYM - Monday/Friday","May 5, 2026, 1:57 PM","May 5, 2026, 2:32 PM","","Leg Press (Machine)",,"",1,"normal",70,10,,,
"GYM - Monday/Friday","May 5, 2026, 1:57 PM","May 5, 2026, 2:32 PM","","Leg Press (Machine)",,"",2,"normal",70,10,,,
"GYM - Monday/Friday","May 5, 2026, 1:57 PM","May 5, 2026, 2:32 PM","","Calf Press (Machine)",,"",0,"normal",70,10,,,
"GYM - Monday/Friday","May 5, 2026, 1:57 PM","May 5, 2026, 2:32 PM","","Calf Press (Machine)",,"",1,"normal",70,10,,,
"GYM - Monday/Friday","May 5, 2026, 1:57 PM","May 5, 2026, 2:32 PM","","Squat (Smith Machine)",,"",0,"normal",,10,,,
"GYM - Monday/Friday","May 5, 2026, 1:57 PM","May 5, 2026, 2:32 PM","","Squat (Smith Machine)",,"",1,"normal",,10,,,
"GYM - Monday/Friday","May 5, 2026, 1:57 PM","May 5, 2026, 2:32 PM","","Face Pull",,"",0,"normal",3.4,12,,,
"GYM - Monday/Friday","May 5, 2026, 1:57 PM","May 5, 2026, 2:32 PM","","Face Pull",,"",1,"normal",3.4,12,,,
"GYM - Monday/Friday","May 5, 2026, 1:57 PM","May 5, 2026, 2:32 PM","","Dead Hang",,"",0,"normal",,,,17,
"GYM - Monday/Friday","May 5, 2026, 1:57 PM","May 5, 2026, 2:32 PM","","Dead Hang",,"",1,"normal",,,,10,
"GYM - Monday/Friday","May 5, 2026, 1:57 PM","May 5, 2026, 2:32 PM","","Negative Pull Up",,"",0,"normal",,3,,,
"GYM - Monday/Friday","May 5, 2026, 1:57 PM","May 5, 2026, 2:32 PM","","Bench Press (Smith Machine)",,"",0,"normal",15,8,,,
"GYM - Monday/Friday","May 5, 2026, 1:57 PM","May 5, 2026, 2:32 PM","","Bench Press (Smith Machine)",,"",1,"normal",15,8,,,
"GYM - Monday/Friday","May 5, 2026, 1:57 PM","May 5, 2026, 2:32 PM","","Incline Push Ups",,"",0,"normal",,5,,,
"GYM - Monday/Friday","May 5, 2026, 1:57 PM","May 5, 2026, 2:32 PM","","Incline Push Ups",,"",1,"normal",,5,,,
"GYM - Monday/Friday","May 5, 2026, 1:57 PM","May 5, 2026, 2:32 PM","","Incline Push Ups",,"",2,"normal",,8,,,
"Evening workout 🏋️","May 4, 2026, 6:39 PM","May 4, 2026, 7:30 PM","","Standing Calf Raise",,"",0,"normal",,12,,,
"Evening workout 🏋️","May 4, 2026, 6:39 PM","May 4, 2026, 7:30 PM","","Standing Calf Raise",,"",1,"normal",,12,,,
"Evening workout 🏋️","May 4, 2026, 6:39 PM","May 4, 2026, 7:30 PM","","Standing Calf Raise",,"",2,"normal",,12,,,
"Evening workout 🏋️","May 4, 2026, 6:39 PM","May 4, 2026, 7:30 PM","","Seated Palms Up Wrist Curl",,"",0,"normal",5,10,,,
"Evening workout 🏋️","May 4, 2026, 6:39 PM","May 4, 2026, 7:30 PM","","Seated Palms Up Wrist Curl",,"",1,"normal",5,8,,,
"Evening workout 🏋️","May 4, 2026, 6:39 PM","May 4, 2026, 7:30 PM","","Bicep Curl (Dumbbell)",,"",0,"normal",5,10,,,
"Evening workout 🏋️","May 4, 2026, 6:39 PM","May 4, 2026, 7:30 PM","","Bicep Curl (Dumbbell)",,"",1,"normal",5,10,,,
"Evening workout 🏋️","May 4, 2026, 6:39 PM","May 4, 2026, 7:30 PM","","Bicep Curl (Dumbbell)",,"",2,"normal",5,10,,,
"Evening workout 🏋️","May 4, 2026, 6:39 PM","May 4, 2026, 7:30 PM","","Dumbbell Row",,"",0,"normal",10,6,,,
"Evening workout 🏋️","May 4, 2026, 6:39 PM","May 4, 2026, 7:30 PM","","Dumbbell Row",,"",1,"normal",10,6,,,
"Evening workout 🏋️","May 4, 2026, 6:39 PM","May 4, 2026, 7:30 PM","","Pullover (Dumbbell)",,"",0,"normal",5,14,,,
"Evening workout 🏋️","May 4, 2026, 6:39 PM","May 4, 2026, 7:30 PM","","Lateral Raise (Dumbbell)",,"",0,"normal",5,8,,,
"Evening workout 🏋️","May 4, 2026, 6:39 PM","May 4, 2026, 7:30 PM","","Lateral Raise (Dumbbell)",,"",1,"normal",5,4,,,
"Evening workout 🏋️","May 4, 2026, 6:39 PM","May 4, 2026, 7:30 PM","","Overhead Press (Dumbbell)",,"",0,"normal",10,10,,,
"Evening workout 🏋️","May 4, 2026, 6:39 PM","May 4, 2026, 7:30 PM","","Overhead Press (Dumbbell)",,"",1,"normal",10,7,,,
"Evening workout 🏋️","May 4, 2026, 6:39 PM","May 4, 2026, 7:30 PM","","Shrug (Dumbbell)",,"",0,"normal",10,10,,,
"Evening workout 🏋️","May 4, 2026, 6:39 PM","May 4, 2026, 7:30 PM","","Shrug (Dumbbell)",,"",1,"normal",10,10,,,
"Evening workout 🏋️","May 4, 2026, 6:39 PM","May 4, 2026, 7:30 PM","","Shrug (Dumbbell)",,"",2,"normal",10,10,,,
"Evening workout 🏋️","May 4, 2026, 6:39 PM","May 4, 2026, 7:30 PM","","Bench Dip",,"",0,"normal",,10,,,
"Evening workout 🏋️","May 4, 2026, 6:39 PM","May 4, 2026, 7:30 PM","","Bench Dip",,"",1,"normal",,6,,,
"Evening workout 🏋️","May 4, 2026, 6:39 PM","May 4, 2026, 7:30 PM","","Dead Bug",,"",0,"normal",,8,,,
"Evening workout 🏋️","May 4, 2026, 6:39 PM","May 4, 2026, 7:30 PM","","Dead Bug",,"",1,"normal",,8,,,
"Evening workout 🏋️","May 4, 2026, 6:39 PM","May 4, 2026, 7:30 PM","","Plank",,"",0,"normal",,,,19,
"Evening workout 🏋️","May 4, 2026, 6:39 PM","May 4, 2026, 7:30 PM","","Cat-Cow",,"",0,"normal",,10,,,
"Evening workout 🏋️","May 4, 2026, 6:39 PM","May 4, 2026, 7:30 PM","","Cat-Cow",,"",1,"normal",,10,,,
"Evening workout 🏋️","Apr 27, 2026, 7:11 PM","Apr 27, 2026, 8:56 PM","","Cycling",,"",0,"normal",,,6.4,6300,
"Home - Mon/Thurs/Sat","Apr 25, 2026, 12:19 AM","Apr 25, 2026, 12:40 AM","","Squat (Bodyweight)",,"",0,"normal",,12,,,
"Home - Mon/Thurs/Sat","Apr 25, 2026, 12:19 AM","Apr 25, 2026, 12:40 AM","","Squat (Bodyweight)",,"",1,"normal",,10,,,
"Home - Mon/Thurs/Sat","Apr 25, 2026, 12:19 AM","Apr 25, 2026, 12:40 AM","","Squat (Bodyweight)",,"",2,"normal",,10,,,
"Home - Mon/Thurs/Sat","Apr 25, 2026, 12:19 AM","Apr 25, 2026, 12:40 AM","","Incline Push Ups",,"",0,"normal",,5,,,
"Home - Mon/Thurs/Sat","Apr 25, 2026, 12:19 AM","Apr 25, 2026, 12:40 AM","","Incline Push Ups",,"",1,"normal",,5,,,
"Home - Mon/Thurs/Sat","Apr 25, 2026, 12:19 AM","Apr 25, 2026, 12:40 AM","","Glute Bridge",,"",0,"normal",,10,,,
"Home - Mon/Thurs/Sat","Apr 25, 2026, 12:19 AM","Apr 25, 2026, 12:40 AM","","Glute Bridge",,"",1,"normal",,10,,,
"Home - Mon/Thurs/Sat","Apr 25, 2026, 12:19 AM","Apr 25, 2026, 12:40 AM","","Dead Bug",,"",0,"normal",,10,,,
"Home - Mon/Thurs/Sat","Apr 25, 2026, 12:19 AM","Apr 25, 2026, 12:40 AM","","Dead Bug",,"",1,"normal",,8,,,
"Home - Mon/Thurs/Sat","Apr 25, 2026, 12:19 AM","Apr 25, 2026, 12:40 AM","","Plank",,"",0,"normal",,,,33,
"Home - Mon/Thurs/Sat","Apr 25, 2026, 12:19 AM","Apr 25, 2026, 12:40 AM","","Standing Calf Raise",,"",0,"normal",,12,,,
"Home - Mon/Thurs/Sat","Apr 25, 2026, 12:19 AM","Apr 25, 2026, 12:40 AM","","Standing Calf Raise",,"",1,"normal",,12,,,
"Home - Mon/Thurs/Sat","Apr 25, 2026, 12:19 AM","Apr 25, 2026, 12:40 AM","","Standing Calf Raise",,"",2,"normal",,12,,,
"Home - Mon/Thurs/Sat","Apr 25, 2026, 12:19 AM","Apr 25, 2026, 12:40 AM","","Lateral Leg Raises",,"",0,"normal",,12,,,
"Home - Mon/Thurs/Sat","Apr 25, 2026, 12:19 AM","Apr 25, 2026, 12:40 AM","","Lateral Leg Raises",,"",1,"normal",,10,,,
"Home - Mon/Thurs/Sat","Apr 25, 2026, 12:19 AM","Apr 25, 2026, 12:40 AM","","Push Up",,"",0,"normal",,4,,,
"Home - Mon/Thurs/Sat","Apr 25, 2026, 12:19 AM","Apr 25, 2026, 12:40 AM","","Push Up",,"",1,"normal",,4,,,
"Home - Mon/Thurs/Sat","Apr 25, 2026, 12:19 AM","Apr 25, 2026, 12:40 AM","","Aerobics",,"",0,"normal",,,,1200,
"Home - Tues/Fri | Wed (YOUTUBE Pilates)","Apr 23, 2026, 11:25 PM","Apr 23, 2026, 11:59 PM","","Aerobics",,"",0,"normal",,,,1800,
"Home - Tues/Fri | Wed (YOUTUBE Pilates)","Apr 23, 2026, 11:25 PM","Apr 23, 2026, 11:59 PM","","Band Pullaparts",,"",0,"normal",,12,,,
"Home - Tues/Fri | Wed (YOUTUBE Pilates)","Apr 23, 2026, 11:25 PM","Apr 23, 2026, 11:59 PM","","Band Pullaparts",,"",1,"normal",,12,,,
"Home - Tues/Fri | Wed (YOUTUBE Pilates)","Apr 23, 2026, 11:25 PM","Apr 23, 2026, 11:59 PM","","Band Pullaparts",,"",2,"normal",,12,,,
"Home - Tues/Fri | Wed (YOUTUBE Pilates)","Apr 23, 2026, 11:25 PM","Apr 23, 2026, 11:59 PM","","Bent Over Row (Band)",,"",0,"normal",,12,,,
"Home - Tues/Fri | Wed (YOUTUBE Pilates)","Apr 23, 2026, 11:25 PM","Apr 23, 2026, 11:59 PM","","Bent Over Row (Band)",,"",1,"normal",,12,,,
"Home - Tues/Fri | Wed (YOUTUBE Pilates)","Apr 23, 2026, 11:25 PM","Apr 23, 2026, 11:59 PM","","Bent Over Row (Band)",,"",2,"normal",,12,,,
"Home - Tues/Fri | Wed (YOUTUBE Pilates)","Apr 23, 2026, 11:25 PM","Apr 23, 2026, 11:59 PM","","Hammer Curl (Band)",,"",0,"normal",,10,,,
"Home - Tues/Fri | Wed (YOUTUBE Pilates)","Apr 23, 2026, 11:25 PM","Apr 23, 2026, 11:59 PM","","Hammer Curl (Band)",,"",1,"normal",,10,,,
"Home - Tues/Fri | Wed (YOUTUBE Pilates)","Apr 23, 2026, 11:25 PM","Apr 23, 2026, 11:59 PM","","Plank",,"",0,"normal",,,,34,
"Home - Tues/Fri | Wed (YOUTUBE Pilates)","Apr 23, 2026, 11:25 PM","Apr 23, 2026, 11:59 PM","","Dead Bug",,"",0,"normal",,5,,,
"Home - Tues/Fri | Wed (YOUTUBE Pilates)","Apr 23, 2026, 11:25 PM","Apr 23, 2026, 11:59 PM","","Dead Bug",,"",1,"normal",,5,,,
"Home - Tues/Fri | Wed (YOUTUBE Pilates)","Apr 23, 2026, 11:25 PM","Apr 23, 2026, 11:59 PM","","Lying Leg Raise",,"",0,"normal",,8,,,
"Home - Tues/Fri | Wed (YOUTUBE Pilates)","Apr 23, 2026, 11:25 PM","Apr 23, 2026, 11:59 PM","","Lying Leg Raise",,"",1,"normal",,8,,,
"Home - Tues/Fri | Wed (YOUTUBE Pilates)","Apr 23, 2026, 11:25 PM","Apr 23, 2026, 11:59 PM","","Cat-Cow",,"",0,"normal",,8,,,
"Home - Tues/Fri | Wed (YOUTUBE Pilates)","Apr 23, 2026, 11:25 PM","Apr 23, 2026, 11:59 PM","","Cat-Cow",,"",1,"normal",,8,,,
"GYM - Tues | Wed | Thurs","Apr 23, 2026, 1:16 AM","Apr 23, 2026, 1:43 AM","","Plank",,"",0,"normal",,,,34,
"GYM - Tues | Wed | Thurs","Apr 23, 2026, 1:16 AM","Apr 23, 2026, 1:43 AM","","Plank",,"",1,"normal",,,,32,
"GYM - Tues | Wed | Thurs","Apr 23, 2026, 1:16 AM","Apr 23, 2026, 1:43 AM","","Lateral Leg Raises",,"",0,"normal",,10,,,
"GYM - Tues | Wed | Thurs","Apr 23, 2026, 1:16 AM","Apr 23, 2026, 1:43 AM","","Lateral Leg Raises",,"",1,"normal",,10,,,
"GYM - Tues | Wed | Thurs","Apr 23, 2026, 1:16 AM","Apr 23, 2026, 1:43 AM","","Lying Leg Raise",,"",0,"normal",,8,,,
"GYM - Tues | Wed | Thurs","Apr 23, 2026, 1:16 AM","Apr 23, 2026, 1:43 AM","","Lying Leg Raise",,"",1,"normal",,8,,,
"GYM - Tues | Wed | Thurs","Apr 23, 2026, 1:16 AM","Apr 23, 2026, 1:43 AM","","Glute Bridge",,"",0,"normal",,12,,,
"GYM - Tues | Wed | Thurs","Apr 23, 2026, 1:16 AM","Apr 23, 2026, 1:43 AM","","Glute Bridge",,"",1,"normal",,12,,,
"GYM - Tues | Wed | Thurs","Apr 23, 2026, 1:16 AM","Apr 23, 2026, 1:43 AM","","Aerobics",,"",0,"normal",,,,1500,
"GYM - Tues | Wed | Thurs","Apr 23, 2026, 1:16 AM","Apr 23, 2026, 1:43 AM","","Standing Calf Raise",,"",0,"normal",,12,,,
"GYM - Tues | Wed | Thurs","Apr 23, 2026, 1:16 AM","Apr 23, 2026, 1:43 AM","","Standing Calf Raise",,"",1,"normal",,12,,,
"GYM - Tues | Wed | Thurs","Apr 23, 2026, 1:16 AM","Apr 23, 2026, 1:43 AM","","Standing Calf Raise",,"",2,"normal",,12,,,
"GYM - Tues | Wed | Thurs","Apr 22, 2026, 8:57 PM","Apr 22, 2026, 9:27 PM","","Lat Pulldown (Cable)",,"",0,"normal",40,10,,,
"GYM - Tues | Wed | Thurs","Apr 22, 2026, 8:57 PM","Apr 22, 2026, 9:27 PM","","Lat Pulldown (Cable)",,"",1,"normal",40,10,,,
"GYM - Tues | Wed | Thurs","Apr 22, 2026, 8:57 PM","Apr 22, 2026, 9:27 PM","","Lat Pulldown (Cable)",,"",2,"normal",40,10,,,
"GYM - Tues | Wed | Thurs","Apr 22, 2026, 8:57 PM","Apr 22, 2026, 9:27 PM","","Seated Cable Row - Bar Grip",,"",0,"normal",55,10,,,
"GYM - Tues | Wed | Thurs","Apr 22, 2026, 8:57 PM","Apr 22, 2026, 9:27 PM","","Seated Cable Row - Bar Grip",,"",1,"normal",55,10,,,
"GYM - Tues | Wed | Thurs","Apr 22, 2026, 8:57 PM","Apr 22, 2026, 9:27 PM","","Seated Cable Row - Bar Grip",,"",2,"normal",55,10,,,
"GYM - Tues | Wed | Thurs","Apr 22, 2026, 8:57 PM","Apr 22, 2026, 9:27 PM","","Bench Press (Smith Machine)",,"",0,"normal",20,5,,,
"GYM - Tues | Wed | Thurs","Apr 22, 2026, 8:57 PM","Apr 22, 2026, 9:27 PM","","Bench Press (Smith Machine)",,"",1,"normal",20,5,,,
"Home - Tues/Fri | Wed (YOUTUBE Pilates)","Apr 21, 2026, 6:52 PM","Apr 21, 2026, 7:12 PM","","Aerobics",,"",0,"normal",,,,1200,
"Home - Tues/Fri | Wed (YOUTUBE Pilates)","Apr 20, 2026, 10:37 PM","Apr 20, 2026, 11:17 PM","","Aerobics",,"",0,"normal",,,,2400,
"Evening workout 🏋️","Apr 19, 2026, 8:15 PM","Apr 19, 2026, 8:50 PM","","HIIT",,"",0,"normal",,,,2100,
"Home - Mon/Thurs/Sat","Apr 19, 2026, 2:23 PM","Apr 19, 2026, 2:57 PM","","Squat (Bodyweight)",,"",0,"normal",,10,,,
"Home - Mon/Thurs/Sat","Apr 19, 2026, 2:23 PM","Apr 19, 2026, 2:57 PM","","Squat (Bodyweight)",,"",1,"normal",,10,,,
"Home - Mon/Thurs/Sat","Apr 19, 2026, 2:23 PM","Apr 19, 2026, 2:57 PM","","Squat (Bodyweight)",,"",2,"normal",,10,,,
"Home - Mon/Thurs/Sat","Apr 19, 2026, 2:23 PM","Apr 19, 2026, 2:57 PM","","Bent Over Row (Band)",,"",0,"normal",,10,,,
"Home - Mon/Thurs/Sat","Apr 19, 2026, 2:23 PM","Apr 19, 2026, 2:57 PM","","Bent Over Row (Band)",,"",1,"normal",,10,,,
"Home - Mon/Thurs/Sat","Apr 19, 2026, 2:23 PM","Apr 19, 2026, 2:57 PM","","Bent Over Row (Band)",,"",2,"normal",,10,,,
"Home - Mon/Thurs/Sat","Apr 19, 2026, 2:23 PM","Apr 19, 2026, 2:57 PM","","Incline Push Ups",,"",0,"normal",,8,,,
"Home - Mon/Thurs/Sat","Apr 19, 2026, 2:23 PM","Apr 19, 2026, 2:57 PM","","Incline Push Ups",,"",1,"normal",,8,,,
"Home - Mon/Thurs/Sat","Apr 19, 2026, 2:23 PM","Apr 19, 2026, 2:57 PM","","Incline Push Ups",,"",2,"normal",,5,,,
"Home - Mon/Thurs/Sat","Apr 19, 2026, 2:23 PM","Apr 19, 2026, 2:57 PM","","Glute Bridge",,"",0,"normal",,12,,,
"Home - Mon/Thurs/Sat","Apr 19, 2026, 2:23 PM","Apr 19, 2026, 2:57 PM","","Glute Bridge",,"",1,"normal",,12,,,
"Home - Mon/Thurs/Sat","Apr 19, 2026, 2:23 PM","Apr 19, 2026, 2:57 PM","","Heel Taps",,"",0,"normal",,8,,,
"Home - Mon/Thurs/Sat","Apr 19, 2026, 2:23 PM","Apr 19, 2026, 2:57 PM","","Heel Taps",,"",1,"normal",,8,,,
"Home - Mon/Thurs/Sat","Apr 19, 2026, 2:23 PM","Apr 19, 2026, 2:57 PM","","Dead Bug",,"",0,"normal",,5,,,
"Home - Mon/Thurs/Sat","Apr 19, 2026, 2:23 PM","Apr 19, 2026, 2:57 PM","","Dead Bug",,"",1,"normal",,5,,,
"Home - Mon/Thurs/Sat","Apr 19, 2026, 2:23 PM","Apr 19, 2026, 2:57 PM","","Plank",,"",0,"normal",,,,20,
"Home - Mon/Thurs/Sat","Apr 19, 2026, 2:23 PM","Apr 19, 2026, 2:57 PM","","Plank",,"",1,"normal",,,,17,
"Home - Mon/Thurs/Sat","Apr 19, 2026, 2:23 PM","Apr 19, 2026, 2:57 PM","","Stretching",,"",0,"normal",,,,153,
"Morning workout ☀️","Apr 18, 2026, 10:55 PM","Apr 19, 2026, 12:40 AM","","HIIT",,"",0,"normal",,,,6300,
"Home - Mon/Thurs/Sat","Apr 17, 2026, 9:30 PM","Apr 17, 2026, 9:58 PM","","Lat Pulldown (Machine)",,"",0,"normal",55,10,,,
"Home - Mon/Thurs/Sat","Apr 17, 2026, 9:30 PM","Apr 17, 2026, 9:58 PM","","Lat Pulldown (Machine)",,"",1,"normal",55,8,,,
"Home - Mon/Thurs/Sat","Apr 17, 2026, 9:30 PM","Apr 17, 2026, 9:58 PM","","Lat Pulldown (Machine)",,"",2,"normal",55,8,,,
"Home - Mon/Thurs/Sat","Apr 17, 2026, 9:30 PM","Apr 17, 2026, 9:58 PM","","Seated Row (Machine)",,"",0,"normal",55,8,,,
"Home - Mon/Thurs/Sat","Apr 17, 2026, 9:30 PM","Apr 17, 2026, 9:58 PM","","Seated Row (Machine)",,"",1,"normal",55,8,,,
"Home - Mon/Thurs/Sat","Apr 17, 2026, 9:30 PM","Apr 17, 2026, 9:58 PM","","Seated Row (Machine)",,"",2,"normal",55,8,,,
"Home - Mon/Thurs/Sat","Apr 17, 2026, 9:30 PM","Apr 17, 2026, 9:58 PM","","Dead Hang",,"",0,"normal",,,,26,
"Home - Mon/Thurs/Sat","Apr 17, 2026, 9:30 PM","Apr 17, 2026, 9:58 PM","","Leg Press (Machine)",,"",0,"normal",70,8,,,
"Home - Mon/Thurs/Sat","Apr 17, 2026, 9:30 PM","Apr 17, 2026, 9:58 PM","","Leg Press (Machine)",,"",1,"normal",70,8,,,
"Home - Mon/Thurs/Sat","Apr 17, 2026, 9:30 PM","Apr 17, 2026, 9:58 PM","","Leg Press (Machine)",,"",2,"normal",80,8,,,
"Home - Mon/Thurs/Sat","Apr 17, 2026, 9:30 PM","Apr 17, 2026, 9:58 PM","","Leg Press (Machine)",,"",3,"normal",80,8,,,
"Home - Tues/Fri","Apr 15, 2026, 8:47 PM","Apr 15, 2026, 9:17 PM","","Aerobics",,"",0,"normal",,,,1800,
"Home - Tues/Fri","Apr 14, 2026, 10:35 PM","Apr 15, 2026, 12:05 AM","","Aerobics",,"",0,"normal",,,,5400,
"Burn that core / room","Mar 18, 2026, 12:07 AM","Mar 18, 2026, 12:18 AM","","Ab Scissors",,"",0,"normal",,10,,,
"Burn that core / room","Mar 18, 2026, 12:07 AM","Mar 18, 2026, 12:18 AM","","Dead Bug",,"",0,"normal",,10,,,
"Burn that core / room","Mar 18, 2026, 12:07 AM","Mar 18, 2026, 12:18 AM","","Dead Bug",,"",1,"normal",,10,,,
"Burn that core / room","Mar 18, 2026, 12:07 AM","Mar 18, 2026, 12:18 AM","","Jackknife Sit Up",,"",0,"normal",,4,,,
"Burn that core / room","Mar 18, 2026, 12:07 AM","Mar 18, 2026, 12:18 AM","","Plank",,"",0,"normal",,,,32,
"Burn that core / room","Mar 18, 2026, 12:07 AM","Mar 18, 2026, 12:18 AM","","Plank",,"",1,"normal",,,,37,
"Burn that core / room","Mar 18, 2026, 12:07 AM","Mar 18, 2026, 12:18 AM","","Lying Leg Raise",,"",0,"normal",,5,,,
"Burn that core / room","Mar 18, 2026, 12:07 AM","Mar 18, 2026, 12:18 AM","","Lying Knee Raise",,"",0,"normal",,5,,,
"Burn that core / room","Mar 18, 2026, 12:07 AM","Mar 18, 2026, 12:18 AM","","Band Pullaparts",,"",0,"normal",,8,,,
"Burn that core / room","Mar 18, 2026, 12:07 AM","Mar 18, 2026, 12:18 AM","","Band Pullaparts",,"",1,"normal",,8,,,
"Burn that core / room","Mar 18, 2026, 12:07 AM","Mar 18, 2026, 12:18 AM","","Bent Over Row (Band)",,"",0,"normal",,10,,,
"Burn that core / room","Mar 18, 2026, 12:07 AM","Mar 18, 2026, 12:18 AM","","Squat (Bodyweight)",,"",0,"normal",,10,,,
"Burn that core / room","Mar 18, 2026, 12:07 AM","Mar 18, 2026, 12:18 AM","","Squat (Bodyweight)",,"",1,"normal",,10,,,
"Late night workout 🌙","Mar 14, 2026, 9:05 PM","Mar 14, 2026, 11:15 PM","","Skating",,"",0,"normal",,,,7800,
"Back - mat","Mar 14, 2026, 7:13 PM","Mar 14, 2026, 7:40 PM","","Bent Over Row (Band)",,"",0,"normal",,10,,,
"Back - mat","Mar 14, 2026, 7:13 PM","Mar 14, 2026, 7:40 PM","","Bent Over Row (Band)",,"",1,"normal",,10,,,
"Back - mat","Mar 14, 2026, 7:13 PM","Mar 14, 2026, 7:40 PM","","Jump Rope",,"",0,"normal",,,,300,
"Back - mat","Mar 14, 2026, 7:13 PM","Mar 14, 2026, 7:40 PM","","Jump Rope",,"",1,"normal",,,,304,
"Back - mat","Mar 14, 2026, 7:13 PM","Mar 14, 2026, 7:40 PM","","Jump Rope",,"",2,"normal",,,,278,
"Back - mat","Mar 14, 2026, 7:13 PM","Mar 14, 2026, 7:40 PM","","Jump Rope",,"",3,"normal",,,,33,
"Back - mat","Mar 14, 2026, 7:13 PM","Mar 14, 2026, 7:40 PM","","Band Pullaparts",,"",0,"normal",,8,,,
"Back - mat","Mar 14, 2026, 7:13 PM","Mar 14, 2026, 7:40 PM","","Band Pullaparts",,"",1,"normal",,8,,,
"Back - mat","Mar 14, 2026, 7:13 PM","Mar 14, 2026, 7:40 PM","","Deadlift (Band)",,"",0,"normal",,8,,,
"Back - mat","Mar 14, 2026, 7:13 PM","Mar 14, 2026, 7:40 PM","","Ab Scissors",,"",0,"normal",,10,,,
"Back - mat","Mar 14, 2026, 7:13 PM","Mar 14, 2026, 7:40 PM","","Ab Scissors",,"",1,"normal",,10,,,
"Back - mat","Mar 14, 2026, 12:09 AM","Mar 14, 2026, 12:26 AM","","Superman",,"",0,"normal",,10,,,
"Back - mat","Mar 14, 2026, 12:09 AM","Mar 14, 2026, 12:26 AM","","Flutter Kicks",,"",0,"normal",,20,,,
"Back - mat","Mar 14, 2026, 12:09 AM","Mar 14, 2026, 12:26 AM","","Dead Bug",,"",0,"normal",,25,,,
"Back - mat","Mar 14, 2026, 12:09 AM","Mar 14, 2026, 12:26 AM","","Jackknife Sit Up",,"",0,"normal",,10,,,
"Back - mat","Mar 14, 2026, 12:09 AM","Mar 14, 2026, 12:26 AM","","Sit Up",,"",0,"normal",,20,,,
"Back - mat","Mar 14, 2026, 12:09 AM","Mar 14, 2026, 12:26 AM","","Plank",,"",0,"normal",,,,30,
"Back - mat","Mar 14, 2026, 12:09 AM","Mar 14, 2026, 12:26 AM","","Lying Leg Raise",,"",0,"normal",,5,,,
"Back - mat","Mar 14, 2026, 12:09 AM","Mar 14, 2026, 12:26 AM","","Glute Kickback on Floor",,"",0,"normal",,20,,,
"Back - mat","Mar 14, 2026, 12:09 AM","Mar 14, 2026, 12:26 AM","","Squat (Bodyweight)",,"",0,"normal",,15,,,
"Back - mat","Mar 14, 2026, 12:09 AM","Mar 14, 2026, 12:26 AM","","Russian Twist (Bodyweight)",,"",0,"normal",,5,,,
"Back - mat","Mar 14, 2026, 12:09 AM","Mar 14, 2026, 12:26 AM","","Standing Calf Raise",,"",0,"normal",,15,,,
"Back - mat","Mar 14, 2026, 12:09 AM","Mar 14, 2026, 12:26 AM","","Crunch",,"",0,"normal",,11,,,
"Back - mat","Mar 14, 2026, 12:09 AM","Mar 14, 2026, 12:26 AM","","Incline Push Ups",,"",0,"normal",,10,,,
"Evening Workout","Mar 12, 2026, 1:05 PM","Mar 12, 2026, 1:41 PM","","Stretching",,"",0,"normal",,,,180,
"Evening Workout","Mar 12, 2026, 1:05 PM","Mar 12, 2026, 1:41 PM","","Jackknife Sit Up",,"",0,"normal",,20,,,
"Evening Workout","Mar 12, 2026, 1:05 PM","Mar 12, 2026, 1:41 PM","","Jackknife Sit Up",,"",0,"normal",,12,,,
"Evening Workout","Mar 12, 2026, 1:05 PM","Mar 12, 2026, 1:41 PM","","Dead Bug",,"",0,"normal",,25,,,
"Evening Workout","Mar 12, 2026, 1:05 PM","Mar 12, 2026, 1:41 PM","","Flutter Kicks",,"",0,"normal",,20,,,
"Evening Workout","Mar 12, 2026, 1:05 PM","Mar 12, 2026, 1:41 PM","","Lying Knee Raise",,"",0,"normal",,10,,,
"Evening Workout","Mar 12, 2026, 1:05 PM","Mar 12, 2026, 1:41 PM","","Sit Up",,"",0,"normal",,20,,,
"Evening Workout","Mar 12, 2026, 1:05 PM","Mar 12, 2026, 1:41 PM","","Mountain Climber",,"",0,"normal",,20,,,
"Evening Workout","Mar 12, 2026, 1:05 PM","Mar 12, 2026, 1:41 PM","","Sumo Squat (Dumbbell)",,"",0,"normal",,10,,,
"Arms, Shoulders, Back & Chest","Mar 10, 2026, 1:31 PM","Mar 10, 2026, 2:14 PM","","Stretching",,"",0,"normal",,,,600,
"Arms, Shoulders, Back & Chest","Mar 10, 2026, 1:31 PM","Mar 10, 2026, 2:14 PM","","Bicep Curl (Dumbbell)",,"",0,"normal",7,8,,,
"Arms, Shoulders, Back & Chest","Mar 10, 2026, 1:31 PM","Mar 10, 2026, 2:14 PM","","Triceps Extension (Dumbbell)",,"",0,"normal",10,5,,,
"Arms, Shoulders, Back & Chest","Mar 10, 2026, 1:31 PM","Mar 10, 2026, 2:14 PM","","Shoulder Press (Dumbbell)",,"",0,"normal",5,8,,,
"Arms, Shoulders, Back & Chest","Mar 10, 2026, 1:31 PM","Mar 10, 2026, 2:14 PM","","Crunch",,"",0,"normal",,12,,,
"Arms, Shoulders, Back & Chest","Mar 10, 2026, 1:31 PM","Mar 10, 2026, 2:14 PM","","Bench Dip",,"",0,"normal",,8,,,
"Arms, Shoulders, Back & Chest","Mar 10, 2026, 1:31 PM","Mar 10, 2026, 2:14 PM","","Bench Dip",,"",1,"normal",,8,,,
"Arms, Shoulders, Back & Chest","Mar 10, 2026, 1:31 PM","Mar 10, 2026, 2:14 PM","","Spinning",,"",0,"normal",,,,390,
"Arms, Shoulders, Back & Chest","Mar 10, 2026, 1:31 PM","Mar 10, 2026, 2:14 PM","","Mountain Climber",,"",0,"normal",,8,,,
"Arms, Shoulders, Back & Chest","Mar 10, 2026, 1:31 PM","Mar 10, 2026, 2:14 PM","","Plank",,"",0,"normal",,,,30,
"Arms, Shoulders, Back & Chest","Mar 10, 2026, 1:31 PM","Mar 10, 2026, 2:14 PM","","Lying Leg Raise",,"",0,"normal",,5,,,
"Arms, Shoulders, Back & Chest","Mar 10, 2026, 1:31 PM","Mar 10, 2026, 2:14 PM","","Side Plank",,"",0,"normal",,,,30,
"Arms, Shoulders, Back & Chest","Mar 10, 2026, 1:31 PM","Mar 10, 2026, 2:14 PM","","Side Plank",,"",1,"normal",,,,30,
"Arms, Shoulders, Back & Chest","Feb 27, 2026, 1:41 PM","Feb 27, 2026, 2:16 PM","","Stretching",,"",0,"normal",,,,600,
"Arms, Shoulders, Back & Chest","Feb 27, 2026, 1:41 PM","Feb 27, 2026, 2:16 PM","","Reverse Curl (Dumbbell)",,"",0,"normal",5,8,,,
"Arms, Shoulders, Back & Chest","Feb 27, 2026, 1:41 PM","Feb 27, 2026, 2:16 PM","","Triceps Extension (Dumbbell)",,"",0,"normal",5,8,,,
"Arms, Shoulders, Back & Chest","Feb 27, 2026, 1:41 PM","Feb 27, 2026, 2:16 PM","","Arnold Press (Dumbbell)",,"",0,"normal",5,8,,,
"Arms, Shoulders, Back & Chest","Feb 27, 2026, 1:41 PM","Feb 27, 2026, 2:16 PM","","Arnold Press (Dumbbell)",,"",1,"normal",5,8,,,
"Arms, Shoulders, Back & Chest","Feb 27, 2026, 1:41 PM","Feb 27, 2026, 2:16 PM","","Arnold Press (Dumbbell)",,"",2,"normal",5,8,,,
"Arms, Shoulders, Back & Chest","Feb 27, 2026, 1:41 PM","Feb 27, 2026, 2:16 PM","","Front Raise (Dumbbell)",,"",0,"normal",5,8,,,
"Arms, Shoulders, Back & Chest","Feb 27, 2026, 1:41 PM","Feb 27, 2026, 2:16 PM","","Bench Press (Dumbbell)",,"",0,"normal",5,8,,,
"Arms, Shoulders, Back & Chest","Feb 27, 2026, 1:41 PM","Feb 27, 2026, 2:16 PM","","Bench Press (Dumbbell)",,"",1,"normal",5,8,,,
"Arms, Shoulders, Back & Chest","Feb 27, 2026, 1:41 PM","Feb 27, 2026, 2:16 PM","","Hip Thrust (Barbell)",,"",0,"normal",5,10,,,
"Arms, Shoulders, Back & Chest","Feb 27, 2026, 1:41 PM","Feb 27, 2026, 2:16 PM","","Dumbbell Row",,"",0,"normal",5,8,,,
"Arms, Shoulders, Back & Chest","Feb 27, 2026, 1:41 PM","Feb 27, 2026, 2:16 PM","","Dumbbell Row",,"",1,"normal",5,8,,,
"Arms, Shoulders, Back & Chest","Feb 27, 2026, 1:41 PM","Feb 27, 2026, 2:16 PM","","Chest Supported Incline Row (Dumbbell)",,"",0,"normal",8,5,,,
"Arms, Shoulders, Back & Chest","Feb 27, 2026, 1:41 PM","Feb 27, 2026, 2:16 PM","","Chest Supported Incline Row (Dumbbell)",,"",1,"normal",8,5,,,
"Arms, Shoulders, Back & Chest","Feb 27, 2026, 1:41 PM","Feb 27, 2026, 2:16 PM","","Spinning",,"",0,"normal",,,,370,
"Arms, Shoulders, Back & Chest","Dec 8, 2025, 2:10 PM","Dec 8, 2025, 2:38 PM","","Stretching",,"",0,"normal",,,,600,
"Arms, Shoulders, Back & Chest","Dec 8, 2025, 2:10 PM","Dec 8, 2025, 2:38 PM","","Bicep Curl (Dumbbell)",,"",0,"normal",10,8,,,
"Arms, Shoulders, Back & Chest","Dec 8, 2025, 2:10 PM","Dec 8, 2025, 2:38 PM","","Bicep Curl (Dumbbell)",,"",1,"normal",5,16,,,
"Arms, Shoulders, Back & Chest","Dec 8, 2025, 2:10 PM","Dec 8, 2025, 2:38 PM","","Triceps Extension (Dumbbell)",,"",0,"normal",10,8,,,
"Arms, Shoulders, Back & Chest","Dec 8, 2025, 2:10 PM","Dec 8, 2025, 2:38 PM","","Triceps Extension (Dumbbell)",,"",1,"normal",7,8,,,
"Arms, Shoulders, Back & Chest","Dec 8, 2025, 2:10 PM","Dec 8, 2025, 2:38 PM","","Shoulder Press (Dumbbell)",,"",0,"normal",10,8,,,
"Arms, Shoulders, Back & Chest","Dec 8, 2025, 2:10 PM","Dec 8, 2025, 2:38 PM","","Shoulder Press (Dumbbell)",,"",1,"normal",5,5,,,
"Arms, Shoulders, Back & Chest","Dec 8, 2025, 2:10 PM","Dec 8, 2025, 2:38 PM","","Shoulder Press (Dumbbell)",,"",2,"normal",5,5,,,
"Arms, Shoulders, Back & Chest","Dec 8, 2025, 2:10 PM","Dec 8, 2025, 2:38 PM","","Bench Press (Dumbbell)",,"",0,"normal",10,8,,,
"Arms, Shoulders, Back & Chest","Dec 8, 2025, 2:10 PM","Dec 8, 2025, 2:38 PM","","Bench Press (Dumbbell)",,"",1,"normal",5,8,,,
"Arms, Shoulders, Back & Chest","Dec 8, 2025, 2:10 PM","Dec 8, 2025, 2:38 PM","","Bench Press (Dumbbell)",,"",2,"normal",5,8,,,
"Arms, Shoulders, Back & Chest","Dec 8, 2025, 2:10 PM","Dec 8, 2025, 2:38 PM","","Bench Dip",,"",0,"normal",,6,,,
"Arms, Shoulders, Back & Chest","Dec 8, 2025, 2:10 PM","Dec 8, 2025, 2:38 PM","","Bench Dip",,"",1,"normal",,2,,,
"Arms, Shoulders, Back & Chest","Dec 8, 2025, 2:10 PM","Dec 8, 2025, 2:38 PM","","Spinning",,"",0,"normal",,,,366,
"Overall","Nov 6, 2025, 12:23 PM","Nov 6, 2025, 1:13 PM","","Treadmill",,"",0,"normal",,,1.05,1367,
"Overall","Nov 6, 2025, 12:23 PM","Nov 6, 2025, 1:13 PM","","Reverse Curl (Dumbbell)",,"",0,"normal",10,8,,,
"Overall","Nov 6, 2025, 12:23 PM","Nov 6, 2025, 1:13 PM","","Bicep Curl (Dumbbell)",,"",0,"normal",10,8,,,
"Overall","Nov 6, 2025, 12:23 PM","Nov 6, 2025, 1:13 PM","","Triceps Extension (Dumbbell)",,"",0,"normal",10,8,,,
"Overall","Nov 6, 2025, 12:23 PM","Nov 6, 2025, 1:13 PM","","Overhead Press (Dumbbell)",,"",0,"normal",10,8,,,
"Overall","Nov 6, 2025, 12:23 PM","Nov 6, 2025, 1:13 PM","","Shrug (Dumbbell)",,"",0,"normal",10,10,,,
"Overall","Jul 6, 2025, 3:19 PM","Jul 6, 2025, 3:51 PM","","Stretching",,"",0,"normal",,,,180,
"Overall","Jul 6, 2025, 3:19 PM","Jul 6, 2025, 3:51 PM","","Treadmill",,"",0,"normal",,,1,915,
"Overall","Jul 6, 2025, 3:19 PM","Jul 6, 2025, 3:51 PM","","Bench Dip",,"",0,"normal",,8,,,
"Overall","Jul 6, 2025, 3:19 PM","Jul 6, 2025, 3:51 PM","","Chest Fly (Dumbbell)",,"",0,"normal",5,8,,,
"Overall","Jul 6, 2025, 3:19 PM","Jul 6, 2025, 3:51 PM","","Chest Supported Incline Row (Dumbbell)",,"",0,"normal",10,10,,,
"Overall","Jul 6, 2025, 3:19 PM","Jul 6, 2025, 3:51 PM","","Lateral Raise (Dumbbell)",,"",0,"normal",5,8,,,
"Overall","Jul 6, 2025, 3:19 PM","Jul 6, 2025, 3:51 PM","","Shoulder Press (Dumbbell)",,"",0,"normal",10,8,,,
"Overall","Jul 6, 2025, 3:19 PM","Jul 6, 2025, 3:51 PM","","Shrug (Dumbbell)",,"",0,"normal",10,10,,,
"Overall","May 20, 2025, 4:52 AM","May 20, 2025, 5:09 AM","","Stretching",,"",0,"normal",,,,180,
"Overall","May 20, 2025, 4:52 AM","May 20, 2025, 5:09 AM","","Treadmill",,"",0,"normal",,,0.43,446,
"Overall","May 20, 2025, 4:52 AM","May 20, 2025, 5:09 AM","","Crunch (Stability Ball)",,"",0,"normal",,8,,,
"Overall","May 20, 2025, 4:52 AM","May 20, 2025, 5:09 AM","","Crunch (Stability Ball)",,"",1,"normal",,8,,,
"Overall","May 20, 2025, 4:52 AM","May 20, 2025, 5:09 AM","","Crunch (Stability Ball)",,"",2,"normal",,8,,,
"Overall","May 20, 2025, 4:52 AM","May 20, 2025, 5:09 AM","","Bench Dip",,"",0,"normal",,8,,,
"Overall","May 20, 2025, 4:52 AM","May 20, 2025, 5:09 AM","","Chest Fly (Dumbbell)",,"",0,"normal",5,5,,,
"Overall","May 20, 2025, 4:52 AM","May 20, 2025, 5:09 AM","","Hip Thrust (Barbell)",,"",0,"normal",15,10,,,
"Overall","May 20, 2025, 4:52 AM","May 20, 2025, 5:09 AM","","Lateral Raise (Dumbbell)",,"",0,"normal",5,8,,,
"Overall","May 20, 2025, 4:52 AM","May 20, 2025, 5:09 AM","","Overhead Press (Dumbbell)",,"",0,"normal",10,5,,,
"Overall","May 20, 2025, 4:52 AM","May 20, 2025, 5:09 AM","","Plank",,"",0,"normal",,,,30,
"Overall","May 20, 2025, 4:52 AM","May 20, 2025, 5:09 AM","","Standing Calf Raise (Dumbbell)",,"",0,"normal",15,8,,,
"Overall","May 19, 2025, 12:39 PM","May 19, 2025, 1:12 PM","","Stretching",,"",0,"normal",,,,5,
"Overall","May 19, 2025, 12:39 PM","May 19, 2025, 1:12 PM","","Treadmill",,"",0,"normal",,,0.66,21,
"Overall","May 19, 2025, 12:39 PM","May 19, 2025, 1:12 PM","","Crunch (Stability Ball)",,"",0,"normal",,10,,,
"Overall","May 19, 2025, 12:39 PM","May 19, 2025, 1:12 PM","","Crunch (Stability Ball)",,"",1,"normal",,10,,,
"Overall","May 19, 2025, 12:39 PM","May 19, 2025, 1:12 PM","","Crunch (Stability Ball)",,"",2,"normal",,10,,,
"Overall","May 19, 2025, 12:39 PM","May 19, 2025, 1:12 PM","","Crunch (Stability Ball)",,"",3,"normal",,10,,,
"Overall","May 19, 2025, 12:39 PM","May 19, 2025, 1:12 PM","","Reverse Curl (Dumbbell)",,"",0,"normal",10,8,,,
"Overall","May 19, 2025, 12:39 PM","May 19, 2025, 1:12 PM","","Hammer Curl (Dumbbell)",,"",0,"normal",10,8,,,
"Overall","May 19, 2025, 12:39 PM","May 19, 2025, 1:12 PM","","Bicep Curl (Dumbbell)",,"",0,"normal",10,4,,,
"Overall","May 19, 2025, 12:39 PM","May 19, 2025, 1:12 PM","","Triceps Extension (Dumbbell)",,"",0,"normal",10,8,,,
"Overall","May 19, 2025, 12:39 PM","May 19, 2025, 1:12 PM","","Decline Crunch",,"",0,"normal",,12,,,
"Overall","May 19, 2025, 12:39 PM","May 19, 2025, 1:12 PM","","Around The World",,"",0,"normal",7,10,,,
"Overall","May 19, 2025, 12:39 PM","May 19, 2025, 1:12 PM","","Arnold Press (Dumbbell)",,"",0,"normal",10,8,,,
"Overall","May 19, 2025, 12:39 PM","May 19, 2025, 1:12 PM","","Bench Dip",,"",0,"normal",,8,,,
"Overall","May 19, 2025, 12:39 PM","May 19, 2025, 1:12 PM","","Dumbbell Row",,"",0,"normal",10,8,,,
"Overall","May 19, 2025, 12:39 PM","May 19, 2025, 1:12 PM","","Dumbbell Row",,"",1,"normal",10,8,,,
"Overall","May 19, 2025, 12:39 PM","May 19, 2025, 1:12 PM","","Bulgarian Split Squat (Dumbbell)",,"",0,"normal",10,8,,,
"Overall","May 19, 2025, 12:39 PM","May 19, 2025, 1:12 PM","","Bulgarian Split Squat (Dumbbell)",,"",1,"normal",10,8,,,
"Overall","May 19, 2025, 12:39 PM","May 19, 2025, 1:12 PM","","Chest Fly (Dumbbell)",,"",0,"normal",7,8,,,
"Overall","May 19, 2025, 12:39 PM","May 19, 2025, 1:12 PM","","Climbing",,"",0,"normal",,,,180,
"Overall","May 19, 2025, 12:39 PM","May 19, 2025, 1:12 PM","","Crunch",,"",0,"normal",,8,,,
"Overall","May 19, 2025, 12:39 PM","May 19, 2025, 1:12 PM","","Crunch (Stability Ball)",,"",0,"normal",,10,,,
"Overall","May 19, 2025, 12:39 PM","May 19, 2025, 1:12 PM","","Crunch (Stability Ball)",,"",1,"normal",,10,,,
"Overall","May 19, 2025, 12:39 PM","May 19, 2025, 1:12 PM","","Crunch (Stability Ball)",,"",2,"normal",,10,,,
"Overall","May 19, 2025, 12:39 PM","May 19, 2025, 1:12 PM","","Crunch (Stability Ball)",,"",3,"normal",,10,,,
"Overall","May 19, 2025, 12:39 PM","May 19, 2025, 1:12 PM","","Front Raise (Dumbbell)",,"",0,"normal",5,8,,,
"Overall","May 19, 2025, 12:39 PM","May 19, 2025, 1:12 PM","","Kettlebell Goblet Squat",,"",0,"normal",10,16,,,
"Overall","May 19, 2025, 12:39 PM","May 19, 2025, 1:12 PM","","Hip Thrust (Barbell)",,"",0,"normal",15,10,,,
"Overall","May 19, 2025, 12:39 PM","May 19, 2025, 1:12 PM","","Hip Thrust (Barbell)",,"",1,"normal",10,8,,,
"Overall","May 19, 2025, 12:39 PM","May 19, 2025, 1:12 PM","","Lat Pulldown (Cable)",,"",0,"normal",40,8,,,
"Overall","May 19, 2025, 12:39 PM","May 19, 2025, 1:12 PM","","Lat Pulldown (Cable)",,"",1,"normal",55,7,,,
"Overall","May 19, 2025, 12:39 PM","May 19, 2025, 1:12 PM","","Lat Pulldown (Cable)",,"",2,"normal",40,8,,,
"Overall","May 19, 2025, 12:39 PM","May 19, 2025, 1:12 PM","","Lateral Raise (Dumbbell)",,"",0,"normal",5,8,,,
"Overall","May 19, 2025, 12:39 PM","May 19, 2025, 1:12 PM","","Mountain Climber",,"",0,"normal",,8,,,
"Overall","May 19, 2025, 12:39 PM","May 19, 2025, 1:12 PM","","Mountain Climber",,"",1,"normal",,8,,,
"Overall","May 19, 2025, 12:39 PM","May 19, 2025, 1:12 PM","","Overhead Press (Dumbbell)",,"",0,"normal",10,8,,,
"Overall","May 19, 2025, 12:39 PM","May 19, 2025, 1:12 PM","","Plank",,"",0,"normal",,,,20,
"Overall","May 19, 2025, 12:39 PM","May 19, 2025, 1:12 PM","","Pull Up",,"",0,"normal",,10,,,
"Overall","May 19, 2025, 12:39 PM","May 19, 2025, 1:12 PM","","Pull Up",,"",1,"normal",,10,,,
"Overall","May 19, 2025, 12:39 PM","May 19, 2025, 1:12 PM","","Kneeling Push Up",,"",0,"normal",,7,,,
"Overall","May 19, 2025, 12:39 PM","May 19, 2025, 1:12 PM","","Kneeling Push Up",,"",1,"normal",,7,,,
"Overall","May 19, 2025, 12:39 PM","May 19, 2025, 1:12 PM","","Romanian Deadlift (Dumbbell)",,"",0,"normal",10,8,,,
"Overall","May 19, 2025, 12:39 PM","May 19, 2025, 1:12 PM","","Russian Twist (Bodyweight)",,"",0,"normal",,8,,,
"Overall","May 19, 2025, 12:39 PM","May 19, 2025, 1:12 PM","","Shoulder Press (Dumbbell)",,"",0,"normal",10,8,,,
"Overall","May 19, 2025, 12:39 PM","May 19, 2025, 1:12 PM","","Shrug (Dumbbell)",,"",0,"normal",10,10,,,
"Overall","May 19, 2025, 12:39 PM","May 19, 2025, 1:12 PM","","Standing Calf Raise (Dumbbell)",,"",0,"normal",15,8,,,
"Overall","May 19, 2025, 12:39 PM","May 19, 2025, 1:12 PM","","Standing Calf Raise (Dumbbell)",,"",1,"normal",10,5,,,
"Overall","May 19, 2025, 12:39 PM","May 19, 2025, 1:12 PM","","Crunch",,"",0,"normal",,10,,,
"Overall","May 19, 2025, 12:39 PM","May 19, 2025, 1:12 PM","","Sit Up",,"",0,"normal",,10,,,
"Overall","Mar 22, 2025, 2:30 PM","Mar 22, 2025, 2:57 PM","","Treadmill",,"",0,"normal",,,1.4,1560,
"Overall","Feb 18, 2025, 7:18 AM","Feb 18, 2025, 8:27 AM","","Stretching",,"",0,"normal",,,,300,
"Overall","Feb 18, 2025, 7:18 AM","Feb 18, 2025, 8:27 AM","","Treadmill",,"",0,"normal",,,1.6,1587,
"Overall","Feb 18, 2025, 7:18 AM","Feb 18, 2025, 8:27 AM","","Around The World",,"",0,"normal",5,5,,,
"Overall","Feb 18, 2025, 7:18 AM","Feb 18, 2025, 8:27 AM","","Bench Dip",,"",0,"normal",,10,,,
"Overall","Feb 18, 2025, 7:18 AM","Feb 18, 2025, 8:27 AM","","Bulgarian Split Squat (Dumbbell)",,"",0,"normal",5,8,,,
"Overall","Feb 18, 2025, 7:18 AM","Feb 18, 2025, 8:27 AM","","Bulgarian Split Squat (Dumbbell)",,"",1,"normal",5,8,,,
"Overall","Feb 18, 2025, 7:18 AM","Feb 18, 2025, 8:27 AM","","Chest Fly (Dumbbell)",,"",0,"normal",5,8,,,
"Overall","Feb 18, 2025, 7:18 AM","Feb 18, 2025, 8:27 AM","","Spinning",,"",0,"normal",,,,300,
"Overall","Feb 18, 2025, 7:18 AM","Feb 18, 2025, 8:27 AM","","Kettlebell Goblet Squat",,"",0,"normal",15,10,,,
"Overall","Feb 18, 2025, 7:18 AM","Feb 18, 2025, 8:27 AM","","Hip Thrust (Barbell)",,"",0,"normal",15,16,,,
"Overall","Feb 18, 2025, 7:18 AM","Feb 18, 2025, 8:27 AM","","Overhead Press (Dumbbell)",,"",0,"normal",10,8,,,
"Overall","Feb 18, 2025, 7:18 AM","Feb 18, 2025, 8:27 AM","","Chest Supported Reverse Fly (Dumbbell)",,"",0,"normal",10,15,,,
"Overall","Feb 18, 2025, 7:18 AM","Feb 18, 2025, 8:27 AM","","Russian Twist (Bodyweight)",,"",0,"normal",,8,,,
"Overall","Feb 18, 2025, 7:18 AM","Feb 18, 2025, 8:27 AM","","Crunch",,"",0,"normal",,12,,,
"Overall","Feb 11, 2025, 12:13 PM","Feb 11, 2025, 12:36 PM","","Stretching",,"",0,"normal",,,,180,
"Overall","Feb 11, 2025, 12:13 PM","Feb 11, 2025, 12:36 PM","","Treadmill",,"",0,"normal",,,1.51,1200,
"Overall","Feb 9, 2025, 11:19 AM","Feb 9, 2025, 12:01 PM","","Stretching",,"",0,"normal",,,,180,
"Overall","Feb 9, 2025, 11:19 AM","Feb 9, 2025, 12:01 PM","","Treadmill",,"",0,"normal",,,1.1,1020,
"Overall","Feb 9, 2025, 11:19 AM","Feb 9, 2025, 12:01 PM","","Treadmill",,"",1,"normal",,,0.21,276,
"Overall","Feb 9, 2025, 11:19 AM","Feb 9, 2025, 12:01 PM","","Crunch (Stability Ball)",,"",0,"normal",,10,,,
"Overall","Feb 9, 2025, 11:19 AM","Feb 9, 2025, 12:01 PM","","Hammer Curl (Dumbbell)",,"",0,"normal",10,4,,,
"Overall","Feb 9, 2025, 11:19 AM","Feb 9, 2025, 12:01 PM","","Spinning",,"",0,"normal",,,,240,
"Overall","Feb 9, 2025, 11:19 AM","Feb 9, 2025, 12:01 PM","","Kettlebell Goblet Squat",,"",0,"normal",15,8,,,
"Overall","Feb 9, 2025, 11:19 AM","Feb 9, 2025, 12:01 PM","","Hip Thrust (Barbell)",,"",0,"normal",10,8,,,
"Overall","Feb 9, 2025, 11:19 AM","Feb 9, 2025, 12:01 PM","","Hip Thrust (Barbell)",,"",1,"normal",15,8,,,
"Overall","Feb 9, 2025, 11:19 AM","Feb 9, 2025, 12:01 PM","","Bench Dip",,"",0,"normal",,8,,,
"Overall","Feb 4, 2025, 10:56 AM","Feb 4, 2025, 11:25 AM","","Stretching",,"",0,"normal",,,,180,
"Overall","Feb 4, 2025, 10:56 AM","Feb 4, 2025, 11:25 AM","","Treadmill",,"",0,"normal",,,1.01,935,
"Overall","Feb 4, 2025, 10:56 AM","Feb 4, 2025, 11:25 AM","","Reverse Curl (Dumbbell)",,"",0,"normal",5,8,,,
"Overall","Feb 4, 2025, 10:56 AM","Feb 4, 2025, 11:25 AM","","Triceps Extension (Dumbbell)",,"",0,"normal",5,8,,,
"Overall","Feb 4, 2025, 10:56 AM","Feb 4, 2025, 11:25 AM","","Around The World",,"",0,"normal",5,5,,,
"Overall","Feb 4, 2025, 10:56 AM","Feb 4, 2025, 11:25 AM","","Bench Dip",,"",0,"normal",,7,,,
"Overall","Feb 4, 2025, 10:56 AM","Feb 4, 2025, 11:25 AM","","Front Raise (Dumbbell)",,"",0,"normal",5,8,,,
"Overall","Feb 4, 2025, 10:56 AM","Feb 4, 2025, 11:25 AM","","Overhead Press (Dumbbell)",,"",0,"normal",5,8,,,
"Overall","Jan 7, 2025, 10:45 AM","Jan 7, 2025, 11:12 AM","","Stretching",,"",0,"normal",,,,300,
"Overall","Jan 7, 2025, 10:45 AM","Jan 7, 2025, 11:12 AM","","Treadmill",,"",0,"normal",,,1.3,1212,
"Overall","Jan 7, 2025, 10:45 AM","Jan 7, 2025, 11:12 AM","","Reverse Curl (Dumbbell)",,"",0,"normal",10,8,,,
"Arms, Shoulders, Back & Chest","Jan 5, 2025, 6:07 AM","Jan 5, 2025, 6:53 AM","","Stretching",,"",0,"normal",,,,120,
"Arms, Shoulders, Back & Chest","Jan 5, 2025, 6:07 AM","Jan 5, 2025, 6:53 AM","","Shrug (Dumbbell)",,"",0,"normal",10,8,,,
"Arms, Shoulders, Back & Chest","Jan 5, 2025, 6:07 AM","Jan 5, 2025, 6:53 AM","","Bicep Curl (Dumbbell)",,"",0,"normal",10,8,,,
"Arms, Shoulders, Back & Chest","Jan 5, 2025, 6:07 AM","Jan 5, 2025, 6:53 AM","","Hammer Curl (Dumbbell)",,"",0,"normal",10,4,,,
"Arms, Shoulders, Back & Chest","Jan 5, 2025, 6:07 AM","Jan 5, 2025, 6:53 AM","","Triceps Extension (Dumbbell)",,"",0,"normal",10,6,,,
"Arms, Shoulders, Back & Chest","Jan 5, 2025, 6:07 AM","Jan 5, 2025, 6:53 AM","","Arnold Press (Dumbbell)",,"",0,"normal",10,6,,,
"Arms, Shoulders, Back & Chest","Jan 5, 2025, 6:07 AM","Jan 5, 2025, 6:53 AM","","Bench Dip",,"",0,"normal",,5,,,
"Arms, Shoulders, Back & Chest","Jan 5, 2025, 6:07 AM","Jan 5, 2025, 6:53 AM","","Bench Dip",,"",1,"normal",,4,,,
"Arms, Shoulders, Back & Chest","Jan 5, 2025, 6:07 AM","Jan 5, 2025, 6:53 AM","","Hip Thrust (Barbell)",,"",0,"normal",15,8,,,
"Arms, Shoulders, Back & Chest","Jan 5, 2025, 6:07 AM","Jan 5, 2025, 6:53 AM","","Hip Thrust (Barbell)",,"",1,"normal",20,8,,,
"Arms, Shoulders, Back & Chest","Jan 5, 2025, 6:07 AM","Jan 5, 2025, 6:53 AM","","Kettlebell Goblet Squat",,"",0,"normal",20,8,,,
"Arms, Shoulders, Back & Chest","Jan 5, 2025, 6:07 AM","Jan 5, 2025, 6:53 AM","","Treadmill",,"",0,"normal",,,1.01,1015,
"Arms, Shoulders, Back & Chest","Jan 5, 2025, 6:07 AM","Jan 5, 2025, 6:53 AM","","High Knee Skips",,"",0,"normal",,10,,,
"Arms, Shoulders, Back & Chest","Jan 5, 2025, 6:07 AM","Jan 5, 2025, 6:53 AM","","Cycling",,"",0,"normal",,,0.86,300,
"Evening Workout","Jan 1, 2025, 10:21 AM","Jan 1, 2025, 10:55 AM","","Stretching",,"",0,"normal",,,,2070,
"Overall","Nov 8, 2024, 5:57 AM","Nov 8, 2024, 6:15 AM","","Stretching",,"",0,"normal",,,,600,
"Overall","Nov 8, 2024, 5:57 AM","Nov 8, 2024, 6:15 AM","","Treadmill",,"",0,"normal",,,0.7,721,
"Overall","Nov 8, 2024, 5:57 AM","Nov 8, 2024, 6:15 AM","","Hammer Curl (Dumbbell)",,"",0,"normal",10,8,,,
"Overall","Nov 8, 2024, 5:57 AM","Nov 8, 2024, 6:15 AM","","Bench Dip",,"",0,"normal",,8,,,
"Overall","Nov 8, 2024, 5:57 AM","Nov 8, 2024, 6:15 AM","","Shoulder Press (Dumbbell)",,"",0,"normal",10,8,,,
"Evening Workout","Oct 16, 2024, 11:53 AM","Oct 16, 2024, 12:04 PM","","Running",,"",0,"normal",,,,660,
"Overall","Aug 26, 2024, 6:16 AM","Aug 26, 2024, 6:51 AM","","Stretching",,"",0,"normal",,,,600,
"Overall","Aug 26, 2024, 6:16 AM","Aug 26, 2024, 6:51 AM","","Treadmill",,"",0,"normal",,,0.7,600,
"Overall","Aug 26, 2024, 6:16 AM","Aug 26, 2024, 6:51 AM","","Skullcrusher (Dumbbell)",,"",0,"normal",10,4,,,
"Overall","Aug 26, 2024, 6:16 AM","Aug 26, 2024, 6:51 AM","","Reverse Curl (Dumbbell)",,"",0,"normal",10,8,,,
"Overall","Aug 26, 2024, 6:16 AM","Aug 26, 2024, 6:51 AM","","Hammer Curl (Dumbbell)",,"",0,"normal",10,8,,,
"Overall","Aug 26, 2024, 6:16 AM","Aug 26, 2024, 6:51 AM","","Arnold Press (Dumbbell)",,"",0,"normal",10,8,,,
"Overall","Aug 26, 2024, 6:16 AM","Aug 26, 2024, 6:51 AM","","Bench Dip",,"",0,"normal",,4,,,
"Overall","Aug 26, 2024, 6:16 AM","Aug 26, 2024, 6:51 AM","","Crunch (Stability Ball)",,"",0,"normal",,10,,,
"Overall","Aug 26, 2024, 6:16 AM","Aug 26, 2024, 6:51 AM","","Crunch (Stability Ball)",,"",1,"normal",,10,,,
"Overall","Aug 26, 2024, 6:16 AM","Aug 26, 2024, 6:51 AM","","Crunch (Stability Ball)",,"",2,"normal",,10,,,
"Overall","Aug 26, 2024, 6:16 AM","Aug 26, 2024, 6:51 AM","","Crunch (Stability Ball)",,"",3,"normal",,10,,,
"Overall","Aug 26, 2024, 6:16 AM","Aug 26, 2024, 6:51 AM","","Crunch (Stability Ball)",,"",4,"normal",,10,,,
"Overall","Aug 26, 2024, 6:16 AM","Aug 26, 2024, 6:51 AM","","Spinning",,"",0,"normal",,,,333,
"Overall","Aug 26, 2024, 6:16 AM","Aug 26, 2024, 6:51 AM","","Kettlebell Goblet Squat",,"",0,"normal",10,8,,,
"Overall","Aug 26, 2024, 6:16 AM","Aug 26, 2024, 6:51 AM","","Hip Thrust (Barbell)",,"",0,"normal",15,8,,,
"Overall","Aug 26, 2024, 6:16 AM","Aug 26, 2024, 6:51 AM","","Overhead Press (Dumbbell)",,"",0,"normal",10,5,,,
"Overall","Aug 26, 2024, 6:16 AM","Aug 26, 2024, 6:51 AM","","Overhead Press (Dumbbell)",,"",1,"normal",10,5,,,
"Overall","Aug 26, 2024, 6:16 AM","Aug 26, 2024, 6:51 AM","","Romanian Deadlift (Dumbbell)",,"",0,"normal",10,4,,,
"Overall","Aug 24, 2024, 6:38 AM","Aug 24, 2024, 7:18 AM","","Stretching",,"",0,"normal",,,,600,
"Overall","Aug 24, 2024, 6:38 AM","Aug 24, 2024, 7:18 AM","","Treadmill",,"",0,"normal",,,0.35,307,
"Overall","Aug 24, 2024, 6:38 AM","Aug 24, 2024, 7:18 AM","","Reverse Curl (Dumbbell)",,"",0,"normal",10,8,,,
"Overall","Aug 24, 2024, 6:38 AM","Aug 24, 2024, 7:18 AM","","Hammer Curl (Dumbbell)",,"",0,"normal",10,8,,,
"Overall","Aug 24, 2024, 6:38 AM","Aug 24, 2024, 7:18 AM","","Bicep Curl (Dumbbell)",,"",0,"normal",10,8,,,
"Overall","Aug 24, 2024, 6:38 AM","Aug 24, 2024, 7:18 AM","","Bench Dip",,"",0,"normal",,4,,,
"Overall","Aug 24, 2024, 6:38 AM","Aug 24, 2024, 7:18 AM","","Bulgarian Split Squat (Dumbbell)",,"",0,"normal",10,5,,,
"Overall","Aug 24, 2024, 6:38 AM","Aug 24, 2024, 7:18 AM","","Bulgarian Split Squat (Dumbbell)",,"",1,"normal",10,5,,,
"Overall","Aug 24, 2024, 6:38 AM","Aug 24, 2024, 7:18 AM","","Crunch",,"",0,"normal",,8,,,
"Overall","Aug 24, 2024, 6:38 AM","Aug 24, 2024, 7:18 AM","","Crunch (Stability Ball)",,"",0,"normal",,6,,,
"Overall","Aug 24, 2024, 6:38 AM","Aug 24, 2024, 7:18 AM","","Lying Leg Raise",,"",0,"normal",,4,,,
"Overall","Aug 24, 2024, 6:38 AM","Aug 24, 2024, 7:18 AM","","Kettlebell Goblet Squat",,"",0,"normal",10,8,,,
"Overall","Aug 24, 2024, 6:38 AM","Aug 24, 2024, 7:18 AM","","Hip Thrust (Barbell)",,"",0,"normal",15,8,,,
"Overall","Aug 24, 2024, 6:38 AM","Aug 24, 2024, 7:18 AM","","Hip Thrust (Barbell)",,"",1,"normal",151,8,,,
"Overall","Aug 24, 2024, 6:38 AM","Aug 24, 2024, 7:18 AM","","Romanian Deadlift (Dumbbell)",,"",0,"normal",10,8,,,
"Overall","Aug 24, 2024, 6:38 AM","Aug 24, 2024, 7:18 AM","","Shoulder Press (Dumbbell)",,"",0,"normal",10,8,,,
"Overall","Aug 24, 2024, 6:38 AM","Aug 24, 2024, 7:18 AM","","Shrug (Dumbbell)",,"",0,"normal",10,12,,,
"Arms, Shoulders, Back & Chest","Aug 24, 2024, 6:22 AM","Aug 24, 2024, 6:37 AM","","Stretching",,"",0,"normal",,,,600,
"Arms, Shoulders, Back & Chest","Aug 24, 2024, 6:22 AM","Aug 24, 2024, 6:37 AM","","Shrug (Dumbbell)",,"",0,"normal",10,12,,,
"Back & Chest ","Aug 23, 2024, 1:07 PM","Aug 23, 2024, 1:36 PM","","Stretching",,"",0,"normal",,,,600,
"Back & Chest ","Aug 23, 2024, 1:07 PM","Aug 23, 2024, 1:36 PM","","Crunch",,"",0,"normal",,8,,,
"Back & Chest ","Aug 23, 2024, 1:07 PM","Aug 23, 2024, 1:36 PM","","Crunch (Stability Ball)",,"",0,"normal",,10,,,
"Back & Chest ","Aug 23, 2024, 1:07 PM","Aug 23, 2024, 1:36 PM","","Crunch (Stability Ball)",,"",1,"normal",,10,,,
"Back & Chest ","Aug 23, 2024, 1:07 PM","Aug 23, 2024, 1:36 PM","","Crunch (Stability Ball)",,"",2,"normal",,10,,,
"Back & Chest ","Aug 23, 2024, 1:07 PM","Aug 23, 2024, 1:36 PM","","Crunch (Stability Ball)",,"",3,"normal",,10,,,
"Back & Chest ","Aug 23, 2024, 1:07 PM","Aug 23, 2024, 1:36 PM","","Arnold Press (Dumbbell)",,"",0,"normal",10,8,,,
"Back & Chest ","Aug 23, 2024, 1:07 PM","Aug 23, 2024, 1:36 PM","","Dumbbell Row",,"",0,"normal",10,8,,,
"Back & Chest ","Aug 23, 2024, 1:07 PM","Aug 23, 2024, 1:36 PM","","Dumbbell Row",,"",1,"normal",10,8,,,
"Back & Chest ","Aug 23, 2024, 1:07 PM","Aug 23, 2024, 1:36 PM","","Bench Press (Dumbbell)",,"",0,"normal",10,8,,,
"Back & Chest ","Aug 23, 2024, 1:07 PM","Aug 23, 2024, 1:36 PM","","Treadmill",,"",0,"normal",,,0.35,307,
"Back & Chest ","Aug 23, 2024, 1:07 PM","Aug 23, 2024, 1:36 PM","","Hip Thrust (Barbell)",,"",0,"normal",10,8,,,
"Back & Chest ","Aug 23, 2024, 1:07 PM","Aug 23, 2024, 1:36 PM","","Hip Thrust (Barbell)",,"",1,"normal",10,8,,,
"Back & Chest ","Aug 23, 2024, 1:07 PM","Aug 23, 2024, 1:36 PM","","Romanian Deadlift (Dumbbell)",,"",0,"normal",10,8,,,
"Back & Chest ","Aug 23, 2024, 1:07 PM","Aug 23, 2024, 1:36 PM","","Standing Calf Raise (Dumbbell)",,"",0,"normal",10,10,,,
"Back & Chest ","Aug 23, 2024, 1:07 PM","Aug 23, 2024, 1:36 PM","","Standing Calf Raise (Dumbbell)",,"",1,"normal",10,5,,,
"Back & Chest ","Aug 23, 2024, 1:07 PM","Aug 23, 2024, 1:36 PM","","Bicep Curl (Dumbbell)",,"",0,"normal",10,8,,,
"Back & Chest ","Aug 23, 2024, 1:07 PM","Aug 23, 2024, 1:36 PM","","Hammer Curl (Dumbbell)",,"",0,"normal",10,8,,,
"Arms & Shoulders ","Jul 14, 2024, 8:50 AM","Jul 14, 2024, 9:33 AM","","Stretching",,"",0,"normal",,,,600,
"Arms & Shoulders ","Jul 14, 2024, 8:50 AM","Jul 14, 2024, 9:33 AM","","Shrug (Dumbbell)",,"",0,"normal",10,10,,,
"Arms & Shoulders ","Jul 14, 2024, 8:50 AM","Jul 14, 2024, 9:33 AM","","Bicep Curl (Dumbbell)",,"",0,"normal",10,8,,,
"Arms & Shoulders ","Jul 14, 2024, 8:50 AM","Jul 14, 2024, 9:33 AM","","Reverse Curl (Dumbbell)",,"",0,"normal",10,8,,,
"Arms & Shoulders ","Jul 14, 2024, 8:50 AM","Jul 14, 2024, 9:33 AM","","Triceps Extension (Dumbbell)",,"",0,"normal",10,8,,,
"Arms & Shoulders ","Jul 14, 2024, 8:50 AM","Jul 14, 2024, 9:33 AM","","Arnold Press (Dumbbell)",,"",0,"normal",10,8,,,
"Arms & Shoulders ","Jul 14, 2024, 8:50 AM","Jul 14, 2024, 9:33 AM","","Overhead Press (Dumbbell)",,"",0,"normal",10,8,,,
"Arms & Shoulders ","Jul 14, 2024, 8:50 AM","Jul 14, 2024, 9:33 AM","","Standing Calf Raise (Dumbbell)",,"",0,"normal",10,10,,,
"Arms & Shoulders ","Jul 14, 2024, 8:50 AM","Jul 14, 2024, 9:33 AM","","Standing Calf Raise (Dumbbell)",,"",1,"normal",10,5,,,
"Arms & Shoulders ","Jul 14, 2024, 8:50 AM","Jul 14, 2024, 9:33 AM","","Romanian Deadlift (Dumbbell)",,"",0,"normal",10,8,,,
"Arms & Shoulders ","Jul 14, 2024, 8:50 AM","Jul 14, 2024, 9:33 AM","","Hip Thrust (Barbell)",,"",0,"normal",10,8,,,
"Arms & Shoulders ","Jul 14, 2024, 8:50 AM","Jul 14, 2024, 9:33 AM","","Hip Thrust (Barbell)",,"",1,"normal",10,8,,,
"Arms & Shoulders ","Jul 14, 2024, 8:50 AM","Jul 14, 2024, 9:33 AM","","Treadmill",,"",0,"normal",,,0.26,327,
"Arms & Shoulders ","Jul 14, 2024, 8:50 AM","Jul 14, 2024, 9:33 AM","","Bench Press (Dumbbell)",,"",0,"normal",10,8,,,
"Arms & Shoulders ","Jul 14, 2024, 8:50 AM","Jul 14, 2024, 9:33 AM","","Dumbbell Row",,"",0,"normal",10,8,,,
"Arms & Shoulders ","Jul 14, 2024, 8:50 AM","Jul 14, 2024, 9:33 AM","","Dumbbell Row",,"",1,"normal",10,8,,,
"Arms & Shoulders ","Jul 14, 2024, 8:50 AM","Jul 14, 2024, 9:33 AM","","Crunch (Stability Ball)",,"",0,"normal",,10,,,
"Arms & Shoulders ","Jun 28, 2024, 8:08 AM","Jun 28, 2024, 8:53 AM","","Stretching",,"",0,"normal",,,,300,
"Arms & Shoulders ","Jun 28, 2024, 8:08 AM","Jun 28, 2024, 8:53 AM","","Shrug (Dumbbell)",,"",0,"normal",10,10,,,
"Arms & Shoulders ","Jun 28, 2024, 8:08 AM","Jun 28, 2024, 8:53 AM","","Hammer Curl (Dumbbell)",,"",0,"normal",10,8,,,
"Arms & Shoulders ","Jun 28, 2024, 8:08 AM","Jun 28, 2024, 8:53 AM","","Lateral Raise (Dumbbell)",,"",0,"normal",5,8,,,
"Arms & Shoulders ","Jun 28, 2024, 8:08 AM","Jun 28, 2024, 8:53 AM","","Reverse Curl (Dumbbell)",,"",0,"normal",10,8,,,
"Arms & Shoulders ","Jun 28, 2024, 8:08 AM","Jun 28, 2024, 8:53 AM","","Triceps Extension (Dumbbell)",,"",0,"normal",10,8,,,
"Arms & Shoulders ","Jun 28, 2024, 8:08 AM","Jun 28, 2024, 8:53 AM","","Arnold Press (Dumbbell)",,"",0,"normal",10,8,,,
"Arms & Shoulders ","Jun 28, 2024, 8:08 AM","Jun 28, 2024, 8:53 AM","","Front Raise (Dumbbell)",,"",0,"normal",5,8,,,
"Arms & Shoulders ","Jun 28, 2024, 8:08 AM","Jun 28, 2024, 8:53 AM","","Overhead Press (Dumbbell)",,"",0,"normal",10,8,,,
"Arms & Shoulders ","Jun 28, 2024, 8:08 AM","Jun 28, 2024, 8:53 AM","","Shoulder Press (Dumbbell)",,"",0,"normal",10,8,,,
"Arms & Shoulders ","Jun 28, 2024, 8:08 AM","Jun 28, 2024, 8:53 AM","","Bench Press (Dumbbell)",,"",0,"normal",10,8,,,
"Arms & Shoulders ","Jun 28, 2024, 8:08 AM","Jun 28, 2024, 8:53 AM","","Bench Press (Dumbbell)",,"",1,"normal",10,5,,,
"Arms & Shoulders ","Jun 28, 2024, 8:08 AM","Jun 28, 2024, 8:53 AM","","Dumbbell Row",,"",0,"normal",10,8,,,
"Arms & Shoulders ","Jun 28, 2024, 8:08 AM","Jun 28, 2024, 8:53 AM","","Dumbbell Row",,"",1,"normal",10,8,,,
"Arms & Shoulders ","Jun 28, 2024, 8:08 AM","Jun 28, 2024, 8:53 AM","","Bulgarian Split Squat (Dumbbell)",,"",0,"normal",10,8,,,
"Arms & Shoulders ","Jun 28, 2024, 8:08 AM","Jun 28, 2024, 8:53 AM","","Bulgarian Split Squat (Dumbbell)",,"",1,"normal",10,8,,,
"Arms & Shoulders ","Jun 28, 2024, 8:08 AM","Jun 28, 2024, 8:53 AM","","Treadmill",,"",0,"normal",,,0.46,300,
"Arms & Shoulders ","Jun 28, 2024, 8:08 AM","Jun 28, 2024, 8:53 AM","","Treadmill",,"",1,"normal",,,0.61,607,
"Arms & Shoulders ","Jun 28, 2024, 8:08 AM","Jun 28, 2024, 8:53 AM","","Hip Thrust (Barbell)",,"",0,"normal",10,10,,,
"Arms & Shoulders ","Jun 28, 2024, 8:08 AM","Jun 28, 2024, 8:53 AM","","Kettlebell Goblet Squat",,"",0,"normal",10,8,,,
"Arms & Shoulders ","Jun 28, 2024, 8:08 AM","Jun 28, 2024, 8:53 AM","","Romanian Deadlift (Dumbbell)",,"",0,"normal",10,8,,,
"Arms & Shoulders ","Jun 28, 2024, 8:08 AM","Jun 28, 2024, 8:53 AM","","Standing Calf Raise (Dumbbell)",,"",0,"normal",10,10,,,
"Arms & Shoulders ","Jun 28, 2024, 8:08 AM","Jun 28, 2024, 8:53 AM","","Standing Calf Raise (Dumbbell)",,"",1,"normal",10,10,,,
"Arms & Shoulders ","Mar 11, 2024, 4:54 AM","Mar 11, 2024, 5:06 AM","","Stretching",,"",0,"normal",,,,600,
"Arms & Shoulders ","Mar 11, 2024, 4:54 AM","Mar 11, 2024, 5:06 AM","","Shrug (Dumbbell)",,"",0,"normal",10,10,,,
"Arms & Shoulders ","Mar 11, 2024, 4:54 AM","Mar 11, 2024, 5:06 AM","","Hammer Curl (Dumbbell)",,"",0,"normal",10,8,,,
"Arms & Shoulders ","Mar 11, 2024, 4:54 AM","Mar 11, 2024, 5:06 AM","","Hammer Curl (Dumbbell)",,"",1,"normal",10,8,,,
"Arms & Shoulders ","Mar 11, 2024, 4:54 AM","Mar 11, 2024, 5:06 AM","","Reverse Curl (Dumbbell)",,"",0,"normal",10,8,,,
"Arms & Shoulders ","Mar 11, 2024, 4:54 AM","Mar 11, 2024, 5:06 AM","","Reverse Curl (Dumbbell)",,"",1,"normal",10,8,,,
"Arms & Shoulders ","Mar 11, 2024, 4:54 AM","Mar 11, 2024, 5:06 AM","","Triceps Extension (Dumbbell)",,"",0,"normal",10,8,,,
"Arms & Shoulders ","Mar 11, 2024, 4:54 AM","Mar 11, 2024, 5:06 AM","","Overhead Press (Dumbbell)",,"",0,"normal",10,8,,,
"Arms & Shoulders ","Mar 11, 2024, 4:54 AM","Mar 11, 2024, 5:06 AM","","Lat Pulldown (Cable)",,"",0,"normal",40,8,,,
"Arms & Shoulders ","Mar 11, 2024, 4:54 AM","Mar 11, 2024, 5:06 AM","","Lat Pulldown (Cable)",,"",1,"failure",55,7,,,
"Arms & Shoulders ","Mar 11, 2024, 4:54 AM","Mar 11, 2024, 5:06 AM","","Lat Pulldown (Cable)",,"",2,"normal",40,8,,,
"Arms & Shoulders ","Mar 10, 2024, 5:58 AM","Mar 10, 2024, 6:48 AM","","Stretching",,"",0,"normal",,,,600,
"Arms & Shoulders ","Mar 10, 2024, 5:58 AM","Mar 10, 2024, 6:48 AM","","Shrug (Dumbbell)",,"",0,"normal",10,8,,,
"Arms & Shoulders ","Mar 10, 2024, 5:58 AM","Mar 10, 2024, 6:48 AM","","Bicep Curl (Dumbbell)",,"",0,"normal",10,8,,,
"Arms & Shoulders ","Mar 10, 2024, 5:58 AM","Mar 10, 2024, 6:48 AM","","Hammer Curl (Dumbbell)",,"",0,"normal",10,8,,,
"Arms & Shoulders ","Mar 10, 2024, 5:58 AM","Mar 10, 2024, 6:48 AM","","Lateral Raise (Dumbbell)",,"",0,"normal",7,8,,,
"Arms & Shoulders ","Mar 10, 2024, 5:58 AM","Mar 10, 2024, 6:48 AM","","Reverse Curl (Dumbbell)",,"",0,"normal",10,8,,,
"Arms & Shoulders ","Mar 10, 2024, 5:58 AM","Mar 10, 2024, 6:48 AM","","Reverse Curl (Dumbbell)",,"",1,"normal",10,8,,,
"Arms & Shoulders ","Mar 10, 2024, 5:58 AM","Mar 10, 2024, 6:48 AM","","Triceps Extension (Dumbbell)",,"",0,"normal",10,12,,,
"Arms & Shoulders ","Mar 10, 2024, 5:58 AM","Mar 10, 2024, 6:48 AM","","Front Raise (Dumbbell)",,"",0,"normal",7,8,,,
"Arms & Shoulders ","Mar 10, 2024, 5:58 AM","Mar 10, 2024, 6:48 AM","","Front Raise (Dumbbell)",,"",1,"normal",7,8,,,
"Arms & Shoulders ","Mar 10, 2024, 5:58 AM","Mar 10, 2024, 6:48 AM","","Overhead Press (Dumbbell)",,"",0,"normal",7,8,,,
"Arms & Shoulders ","Mar 10, 2024, 5:58 AM","Mar 10, 2024, 6:48 AM","","Shoulder Press (Dumbbell)",,"",0,"normal",10,10,,,
"Arms & Shoulders ","Mar 10, 2024, 5:58 AM","Mar 10, 2024, 6:48 AM","","Shoulder Press (Dumbbell)",,"",1,"normal",10,8,,,
"Arms & Shoulders ","Mar 10, 2024, 5:58 AM","Mar 10, 2024, 6:48 AM","","Bench Press (Dumbbell)",,"",0,"normal",10,8,,,
"Arms & Shoulders ","Mar 10, 2024, 5:58 AM","Mar 10, 2024, 6:48 AM","","Dumbbell Row",,"",0,"normal",10,8,,,
"Arms & Shoulders ","Mar 10, 2024, 5:58 AM","Mar 10, 2024, 6:48 AM","","Dumbbell Row",,"",1,"normal",10,8,,,
"Arms & Shoulders ","Mar 10, 2024, 5:58 AM","Mar 10, 2024, 6:48 AM","","Decline Crunch",,"",0,"normal",,12,,,
"Arms & Shoulders ","Mar 10, 2024, 5:58 AM","Mar 10, 2024, 6:48 AM","","Bulgarian Split Squat (Dumbbell)",,"",0,"normal",10,8,,,
"Arms & Shoulders ","Mar 10, 2024, 5:58 AM","Mar 10, 2024, 6:48 AM","","Bulgarian Split Squat (Dumbbell)",,"",1,"normal",10,8,,,
"Arms & Shoulders ","Mar 10, 2024, 5:58 AM","Mar 10, 2024, 6:48 AM","","Lat Pulldown (Cable)",,"",0,"normal",40,8,,,
"Arms & Shoulders ","Mar 10, 2024, 5:58 AM","Mar 10, 2024, 6:48 AM","","Lat Pulldown (Cable)",,"",1,"normal",55,8,,,
"Arms & Shoulders ","Mar 10, 2024, 5:58 AM","Mar 10, 2024, 6:48 AM","","Treadmill",,"",0,"normal",,,0.46,365,
"Arms & Shoulders ","Mar 7, 2024, 3:11 AM","Mar 7, 2024, 3:38 AM","","Stretching",,"",0,"normal",,,,600,
"Arms & Shoulders ","Mar 7, 2024, 3:11 AM","Mar 7, 2024, 3:38 AM","","Shrug (Dumbbell)",,"",0,"normal",7,8,,,
"Arms & Shoulders ","Mar 7, 2024, 3:11 AM","Mar 7, 2024, 3:38 AM","","Bicep Curl (Dumbbell)",,"",0,"normal",10,8,,,
"Arms & Shoulders ","Mar 7, 2024, 3:11 AM","Mar 7, 2024, 3:38 AM","","Bicep Curl (Dumbbell)",,"",1,"normal",10,8,,,
"Arms & Shoulders ","Mar 7, 2024, 3:11 AM","Mar 7, 2024, 3:38 AM","","Hammer Curl (Dumbbell)",,"",0,"normal",10,8,,,
"Arms & Shoulders ","Mar 7, 2024, 3:11 AM","Mar 7, 2024, 3:38 AM","","Lateral Raise (Dumbbell)",,"",0,"normal",5,8,,,
"Arms & Shoulders ","Mar 7, 2024, 3:11 AM","Mar 7, 2024, 3:38 AM","","Reverse Curl (Dumbbell)",,"",0,"normal",10,8,,,
"Arms & Shoulders ","Mar 7, 2024, 3:11 AM","Mar 7, 2024, 3:38 AM","","Triceps Extension (Dumbbell)",,"",0,"normal",10,8,,,
"Arms & Shoulders ","Mar 7, 2024, 3:11 AM","Mar 7, 2024, 3:38 AM","","Arnold Press (Dumbbell)",,"",0,"normal",10,8,,,
"Arms & Shoulders ","Mar 7, 2024, 3:11 AM","Mar 7, 2024, 3:38 AM","","Arnold Press (Dumbbell)",,"",1,"normal",10,8,,,
"Arms & Shoulders ","Mar 7, 2024, 3:11 AM","Mar 7, 2024, 3:38 AM","","Front Raise (Dumbbell)",,"",0,"normal",5,8,,,
"Arms & Shoulders ","Mar 7, 2024, 3:11 AM","Mar 7, 2024, 3:38 AM","","Shoulder Press (Dumbbell)",,"",0,"normal",10,8,,,
"Arms & Shoulders ","Mar 7, 2024, 3:11 AM","Mar 7, 2024, 3:38 AM","","Crunch",,"",0,"normal",,8,,,
"Arms & Shoulders ","Mar 7, 2024, 3:11 AM","Mar 7, 2024, 3:38 AM","","Lat Pulldown (Cable)",,"",0,"normal",40,8,,,
"Arms & Shoulders ","Mar 7, 2024, 3:11 AM","Mar 7, 2024, 3:38 AM","","Lat Pulldown (Cable)",,"",1,"normal",55,8,,,
"Arms & Shoulders ","Mar 7, 2024, 3:11 AM","Mar 7, 2024, 3:38 AM","","Hip Abduction (Machine)",,"",0,"normal",40,20,,,
"Arms & Shoulders ","Mar 7, 2024, 3:11 AM","Mar 7, 2024, 3:38 AM","","Hip Abduction (Machine)",,"",1,"normal",40,20,,,
"Arms & Shoulders ","Mar 7, 2024, 3:11 AM","Mar 7, 2024, 3:38 AM","","Bulgarian Split Squat (Dumbbell)",,"",0,"normal",10,8,,,
"Arms & Shoulders ","Mar 7, 2024, 3:11 AM","Mar 7, 2024, 3:38 AM","","Bulgarian Split Squat (Dumbbell)",,"",1,"normal",10,8,,,
"Arms & Shoulders ","Mar 7, 2024, 3:11 AM","Mar 7, 2024, 3:38 AM","","Climbing",,"",0,"normal",,,,180,
"Arms & Shoulders ","Mar 4, 2024, 3:56 AM","Mar 4, 2024, 4:45 AM","","Stretching",,"",0,"normal",,,,600,
"Arms & Shoulders ","Mar 4, 2024, 3:56 AM","Mar 4, 2024, 4:45 AM","","Shrug (Dumbbell)",,"",0,"normal",10,8,,,
"Arms & Shoulders ","Mar 4, 2024, 3:56 AM","Mar 4, 2024, 4:45 AM","","Hammer Curl (Dumbbell)",,"",0,"normal",10,8,,,
"Arms & Shoulders ","Mar 4, 2024, 3:56 AM","Mar 4, 2024, 4:45 AM","","Lateral Raise (Dumbbell)",,"",0,"normal",7,8,,,
"Arms & Shoulders ","Mar 4, 2024, 3:56 AM","Mar 4, 2024, 4:45 AM","","Reverse Curl (Dumbbell)",,"",0,"normal",10,8,,,
"Arms & Shoulders ","Mar 4, 2024, 3:56 AM","Mar 4, 2024, 4:45 AM","","Triceps Extension (Dumbbell)",,"",0,"normal",10,8,,,
"Arms & Shoulders ","Mar 4, 2024, 3:56 AM","Mar 4, 2024, 4:45 AM","","Arnold Press (Dumbbell)",,"",0,"normal",10,8,,,
"Arms & Shoulders ","Mar 4, 2024, 3:56 AM","Mar 4, 2024, 4:45 AM","","Front Raise (Dumbbell)",,"",0,"normal",7,8,,,
"Arms & Shoulders ","Mar 4, 2024, 3:56 AM","Mar 4, 2024, 4:45 AM","","Shoulder Press (Dumbbell)",,"",0,"normal",10,8,,,
"Arms & Shoulders ","Mar 4, 2024, 3:56 AM","Mar 4, 2024, 4:45 AM","","Shoulder Press (Dumbbell)",,"",1,"normal",15,4,,,
"Arms & Shoulders ","Mar 4, 2024, 3:56 AM","Mar 4, 2024, 4:45 AM","","Crunch",,"",0,"normal",,8,,,
"Arms & Shoulders ","Mar 4, 2024, 3:56 AM","Mar 4, 2024, 4:45 AM","","Russian Twist (Bodyweight)",,"",0,"normal",,8,,,
"Arms & Shoulders ","Mar 4, 2024, 3:56 AM","Mar 4, 2024, 4:45 AM","","Lat Pulldown (Cable)",,"",0,"normal",40,10,,,
"Arms & Shoulders ","Mar 4, 2024, 3:56 AM","Mar 4, 2024, 4:45 AM","","Lat Pulldown (Cable)",,"",1,"normal",55,8,,,
"Arms & Shoulders ","Mar 4, 2024, 3:56 AM","Mar 4, 2024, 4:45 AM","","Hip Abduction (Machine)",,"",0,"normal",40,20,,,
"Arms & Shoulders ","Mar 4, 2024, 3:56 AM","Mar 4, 2024, 4:45 AM","","Hip Abduction (Machine)",,"",1,"normal",40,20,,,
"Arms & Shoulders ","Mar 4, 2024, 3:56 AM","Mar 4, 2024, 4:45 AM","","Romanian Deadlift (Dumbbell)",,"",0,"normal",10,8,,,
"Arms & Shoulders ","Mar 4, 2024, 3:56 AM","Mar 4, 2024, 4:45 AM","","Bulgarian Split Squat (Dumbbell)",,"",0,"normal",10,8,,,
"Arms & Shoulders ","Mar 4, 2024, 3:56 AM","Mar 4, 2024, 4:45 AM","","Bulgarian Split Squat (Dumbbell)",,"",1,"normal",10,8,,,
"Arms & Shoulders ","Mar 4, 2024, 3:56 AM","Mar 4, 2024, 4:45 AM","","Decline Crunch",,"",0,"normal",,12,,,
"Arms & Shoulders ","Mar 4, 2024, 3:56 AM","Mar 4, 2024, 4:45 AM","","Treadmill",,"",0,"normal",,,0.71,608,
"Arms & Shoulders ","Mar 4, 2024, 3:56 AM","Mar 4, 2024, 4:45 AM","","Hip Thrust (Barbell)",,"",0,"normal",50,10,,,
"Arms & Shoulders ","Mar 1, 2024, 2:00 AM","Mar 1, 2024, 3:30 AM","","Stretching",,"",0,"normal",,,,600,
"Arms & Shoulders ","Mar 1, 2024, 2:00 AM","Mar 1, 2024, 3:30 AM","","Shrug (Dumbbell)",,"",0,"normal",10,12,,,
"Arms & Shoulders ","Mar 1, 2024, 2:00 AM","Mar 1, 2024, 3:30 AM","","Bicep Curl (Dumbbell)",,"",0,"normal",10,8,,,
"Arms & Shoulders ","Mar 1, 2024, 2:00 AM","Mar 1, 2024, 3:30 AM","","Hammer Curl (Dumbbell)",,"",0,"normal",10,8,,,
"Arms & Shoulders ","Mar 1, 2024, 2:00 AM","Mar 1, 2024, 3:30 AM","","Reverse Curl (Dumbbell)",,"",0,"normal",10,8,,,
"Arms & Shoulders ","Mar 1, 2024, 2:00 AM","Mar 1, 2024, 3:30 AM","","Triceps Extension (Dumbbell)",,"",0,"normal",10,5,,,
"Arms & Shoulders ","Mar 1, 2024, 2:00 AM","Mar 1, 2024, 3:30 AM","","Arnold Press (Dumbbell)",,"",0,"normal",10,10,,,
"Arms & Shoulders ","Mar 1, 2024, 2:00 AM","Mar 1, 2024, 3:30 AM","","Arnold Press (Dumbbell)",,"",1,"normal",10,10,,,
"Arms & Shoulders ","Mar 1, 2024, 2:00 AM","Mar 1, 2024, 3:30 AM","","Front Raise (Dumbbell)",,"",0,"normal",7,4,,,
"Arms & Shoulders ","Mar 1, 2024, 2:00 AM","Mar 1, 2024, 3:30 AM","","Overhead Press (Dumbbell)",,"",0,"normal",10,8,,,
"Arms & Shoulders ","Mar 1, 2024, 2:00 AM","Mar 1, 2024, 3:30 AM","","Shoulder Press (Dumbbell)",,"",0,"normal",10,8,,,
"Arms & Shoulders ","Mar 1, 2024, 2:00 AM","Mar 1, 2024, 3:30 AM","","Decline Crunch",,"",0,"normal",,10,,,
"Arms & Shoulders ","Mar 1, 2024, 2:00 AM","Mar 1, 2024, 3:30 AM","","Crunch",,"",0,"normal",,8,,,
"Arms & Shoulders ","Mar 1, 2024, 2:00 AM","Mar 1, 2024, 3:30 AM","","Crunch",,"",1,"normal",,8,,,
"Arms & Shoulders ","Mar 1, 2024, 2:00 AM","Mar 1, 2024, 3:30 AM","","Bulgarian Split Squat (Dumbbell)",,"",0,"normal",10,7,,,
"Arms & Shoulders ","Mar 1, 2024, 2:00 AM","Mar 1, 2024, 3:30 AM","","Hip Thrust (Barbell)",,"",0,"normal",10,8,,,
"Arms & Shoulders ","Mar 1, 2024, 2:00 AM","Mar 1, 2024, 3:30 AM","","Romanian Deadlift (Dumbbell)",,"",0,"normal",10,8,,,
"Arms & Shoulders ","Mar 1, 2024, 2:00 AM","Mar 1, 2024, 3:30 AM","","Hip Thrust",,"",0,"normal",,8,,,
"Arms & Shoulders ","Mar 1, 2024, 2:00 AM","Mar 1, 2024, 3:30 AM","","Hip Abduction (Machine)",,"",0,"normal",30,12,,,
"Arms & Shoulders ","Mar 1, 2024, 2:00 AM","Mar 1, 2024, 3:30 AM","","Hip Abduction (Machine)",,"",1,"normal",30,12,,,
"Arms & Shoulders ","Mar 1, 2024, 2:00 AM","Mar 1, 2024, 3:30 AM","","Lat Pulldown (Cable)",,"",0,"normal",40,8,,,
"Legs","Feb 28, 2024, 2:54 AM","Feb 28, 2024, 3:29 AM","","Bulgarian Split Squat (Dumbbell)",,"",0,"normal",10,8,,,
"Legs","Feb 28, 2024, 2:54 AM","Feb 28, 2024, 3:29 AM","","Romanian Deadlift (Dumbbell)",,"",0,"normal",10,8,,,
"Legs","Feb 28, 2024, 2:54 AM","Feb 28, 2024, 3:29 AM","","Standing Calf Raise (Dumbbell)",,"",0,"normal",10,8,,,
"Legs","Feb 28, 2024, 2:54 AM","Feb 28, 2024, 3:29 AM","","Decline Crunch",,"",0,"normal",,10,,,
"Legs","Feb 28, 2024, 2:54 AM","Feb 28, 2024, 3:29 AM","","Hip Thrust (Barbell)",,"",0,"normal",10,12,,,
"Legs","Feb 28, 2024, 2:54 AM","Feb 28, 2024, 3:29 AM","","Treadmill",,"",0,"normal",,,1.26,960,
"Legs","Feb 28, 2024, 2:54 AM","Feb 28, 2024, 3:29 AM","","Hanging Knee Raise",,"",0,"normal",,8,,,
"Legs","Feb 28, 2024, 2:54 AM","Feb 28, 2024, 3:29 AM","","Hanging Knee Raise",,"",1,"normal",,10,,,
"Arms & Shoulders ","Feb 28, 2024, 2:33 AM","Feb 28, 2024, 2:53 AM","","Stretching",,"",0,"normal",,,,600,
"Arms & Shoulders ","Feb 28, 2024, 2:33 AM","Feb 28, 2024, 2:53 AM","","Shrug (Dumbbell)",,"",0,"normal",7,8,,,
"Arms & Shoulders ","Feb 28, 2024, 2:33 AM","Feb 28, 2024, 2:53 AM","","Hammer Curl (Dumbbell)",,"",0,"normal",7,8,,,
"Arms & Shoulders ","Feb 28, 2024, 2:33 AM","Feb 28, 2024, 2:53 AM","","Reverse Curl (Dumbbell)",,"",0,"normal",7,8,,,
"Arms & Shoulders ","Feb 28, 2024, 2:33 AM","Feb 28, 2024, 2:53 AM","","Triceps Extension (Dumbbell)",,"",0,"normal",7,8,,,
"Arms & Shoulders ","Feb 28, 2024, 2:33 AM","Feb 28, 2024, 2:53 AM","","Arnold Press (Dumbbell)",,"",0,"normal",7,8,,,
"Arms & Shoulders ","Feb 28, 2024, 2:33 AM","Feb 28, 2024, 2:53 AM","","Shoulder Press (Dumbbell)",,"",0,"normal",10,8,,,
"Arms & Shoulders ","Feb 28, 2024, 2:33 AM","Feb 28, 2024, 2:53 AM","","Shoulder Press (Dumbbell)",,"",1,"normal",10,8,,,
"Arms & Shoulders ","Feb 28, 2024, 2:33 AM","Feb 28, 2024, 2:53 AM","","Bench Press (Dumbbell)",,"",0,"normal",10,6,,,
"Arms & Shoulders ","Feb 28, 2024, 2:33 AM","Feb 28, 2024, 2:53 AM","","Chest Fly (Dumbbell)",,"",0,"normal",7,8,,,
"Arms & Shoulders ","Feb 28, 2024, 2:33 AM","Feb 28, 2024, 2:53 AM","","Hip Thrust (Barbell)",,"",0,"normal",50,10,,,
"Arms & Shoulders ","Feb 14, 2024, 2:46 AM","Feb 14, 2024, 3:16 AM","","Stretching",,"",0,"normal",,,,600,
"Arms & Shoulders ","Feb 14, 2024, 2:46 AM","Feb 14, 2024, 3:16 AM","","Shrug (Dumbbell)",,"",0,"normal",10,12,,,
"Arms & Shoulders ","Feb 14, 2024, 2:46 AM","Feb 14, 2024, 3:16 AM","","Bicep Curl (Dumbbell)",,"",0,"normal",10,8,,,
"Arms & Shoulders ","Feb 14, 2024, 2:46 AM","Feb 14, 2024, 3:16 AM","","Hammer Curl (Dumbbell)",,"",0,"normal",10,8,,,
"Arms & Shoulders ","Feb 14, 2024, 2:46 AM","Feb 14, 2024, 3:16 AM","","Lateral Raise (Dumbbell)",,"",0,"normal",7,4,,,
"Arms & Shoulders ","Feb 14, 2024, 2:46 AM","Feb 14, 2024, 3:16 AM","","Reverse Curl (Dumbbell)",,"",0,"normal",7,8,,,
"Arms & Shoulders ","Feb 14, 2024, 2:46 AM","Feb 14, 2024, 3:16 AM","","Triceps Extension (Dumbbell)",,"",0,"normal",10,5,,,
"Arms & Shoulders ","Feb 14, 2024, 2:46 AM","Feb 14, 2024, 3:16 AM","","Arnold Press (Dumbbell)",,"",0,"normal",10,8,,,
"Arms & Shoulders ","Feb 14, 2024, 2:46 AM","Feb 14, 2024, 3:16 AM","","Front Raise (Dumbbell)",,"",0,"normal",7,4,,,
"Arms & Shoulders ","Feb 14, 2024, 2:46 AM","Feb 14, 2024, 3:16 AM","","Shoulder Press (Dumbbell)",,"",0,"normal",10,8,,,
"Arms & Shoulders ","Feb 14, 2024, 2:46 AM","Feb 14, 2024, 3:16 AM","","Treadmill",,"",0,"normal",,,,600,
"Arms & Shoulders ","Feb 14, 2024, 2:46 AM","Feb 14, 2024, 3:16 AM","","Lat Pulldown (Cable)",,"",0,"normal",40,8,,,
"Arms & Shoulders ","Feb 14, 2024, 2:46 AM","Feb 14, 2024, 3:16 AM","","Lat Pulldown (Cable)",,"",1,"normal",55,4,,,
"Arms & Shoulders ","Feb 13, 2024, 12:24 AM","Feb 13, 2024, 1:09 AM","","Stretching",,"",0,"normal",,,,600,
"Arms & Shoulders ","Feb 13, 2024, 12:24 AM","Feb 13, 2024, 1:09 AM","","Shrug (Dumbbell)",,"",0,"normal",10,8,,,
"Arms & Shoulders ","Feb 13, 2024, 12:24 AM","Feb 13, 2024, 1:09 AM","","Bicep Curl (Dumbbell)",,"",0,"normal",10,8,,,
"Arms & Shoulders ","Feb 13, 2024, 12:24 AM","Feb 13, 2024, 1:09 AM","","Hammer Curl (Dumbbell)",,"",0,"normal",10,8,,,
"Arms & Shoulders ","Feb 13, 2024, 12:24 AM","Feb 13, 2024, 1:09 AM","","Lateral Raise (Dumbbell)",,"",0,"normal",7,8,,,
"Arms & Shoulders ","Feb 13, 2024, 12:24 AM","Feb 13, 2024, 1:09 AM","","Reverse Curl (Dumbbell)",,"",0,"normal",10,8,,,
"Arms & Shoulders ","Feb 13, 2024, 12:24 AM","Feb 13, 2024, 1:09 AM","","Triceps Extension (Dumbbell)",,"",0,"normal",10,6,,,
"Arms & Shoulders ","Feb 13, 2024, 12:24 AM","Feb 13, 2024, 1:09 AM","","Arnold Press (Dumbbell)",,"",0,"normal",10,8,,,
"Arms & Shoulders ","Feb 13, 2024, 12:24 AM","Feb 13, 2024, 1:09 AM","","Front Raise (Dumbbell)",,"",0,"normal",7,8,,,
"Arms & Shoulders ","Feb 13, 2024, 12:24 AM","Feb 13, 2024, 1:09 AM","","Overhead Press (Dumbbell)",,"",0,"normal",10,8,,,
"Arms & Shoulders ","Feb 13, 2024, 12:24 AM","Feb 13, 2024, 1:09 AM","","Lat Pulldown (Cable)",,"",0,"normal",40,10,,,
"Arms & Shoulders ","Feb 13, 2024, 12:24 AM","Feb 13, 2024, 1:09 AM","","Lat Pulldown (Cable)",,"",1,"normal",55,4,,,
"Arms & Shoulders ","Feb 13, 2024, 12:24 AM","Feb 13, 2024, 1:09 AM","","Lat Pulldown (Cable)",,"",2,"normal",40,8,,,
"Arms & Shoulders ","Feb 13, 2024, 12:24 AM","Feb 13, 2024, 1:09 AM","","Decline Crunch",,"",0,"normal",,10,,,
"Arms & Shoulders ","Feb 13, 2024, 12:24 AM","Feb 13, 2024, 1:09 AM","","Climbing",,"",0,"normal",,,,300,
"Arms & Shoulders ","Feb 13, 2024, 12:24 AM","Feb 13, 2024, 1:09 AM","","Treadmill",,"",0,"normal",,,,600,
"Arms & Shoulders ","Feb 13, 2024, 12:24 AM","Feb 13, 2024, 1:09 AM","","Treadmill",,"",1,"normal",,,,300,
"Arms & Shoulders ","Feb 12, 2024, 5:40 AM","Feb 12, 2024, 9:46 AM","","Stretching",,"",0,"normal",,,,600,
"Arms & Shoulders ","Feb 12, 2024, 5:40 AM","Feb 12, 2024, 9:46 AM","","Shrug (Dumbbell)",,"",0,"normal",7,8,,,
"Arms & Shoulders ","Feb 12, 2024, 5:40 AM","Feb 12, 2024, 9:46 AM","","Bicep Curl (Dumbbell)",,"",0,"normal",7,8,,,
"Arms & Shoulders ","Feb 12, 2024, 5:40 AM","Feb 12, 2024, 9:46 AM","","Bicep Curl (Dumbbell)",,"",1,"normal",7,8,,,
"Arms & Shoulders ","Feb 12, 2024, 5:40 AM","Feb 12, 2024, 9:46 AM","","Hammer Curl (Dumbbell)",,"",0,"normal",7,8,,,
"Arms & Shoulders ","Feb 12, 2024, 5:40 AM","Feb 12, 2024, 9:46 AM","","Arnold Press (Dumbbell)",,"",0,"normal",7,8,,,
"Arms & Shoulders ","Feb 12, 2024, 5:40 AM","Feb 12, 2024, 9:46 AM","","Arnold Press (Dumbbell)",,"",1,"normal",7,8,,,
"Arms & Shoulders ","Feb 12, 2024, 5:40 AM","Feb 12, 2024, 9:46 AM","","Shoulder Press (Dumbbell)",,"",0,"normal",7,8,,,
"Arms & Shoulders ","Feb 12, 2024, 5:40 AM","Feb 12, 2024, 9:46 AM","","Treadmill",,"",0,"normal",,,,600,
"Arms & Shoulders ","Feb 12, 2024, 5:40 AM","Feb 12, 2024, 9:46 AM","","Climbing",,"",0,"normal",,,,300,
"Arms & Shoulders ","Feb 4, 2024, 7:58 AM","Feb 4, 2024, 9:01 AM","","Treadmill",,"",0,"normal",,,,300,
"Arms & Shoulders ","Feb 4, 2024, 7:58 AM","Feb 4, 2024, 9:01 AM","","Lat Pulldown (Cable)",,"",0,"normal",40,8,,,
"Arms & Shoulders ","Feb 4, 2024, 7:58 AM","Feb 4, 2024, 9:01 AM","","Lat Pulldown (Cable)",,"",1,"normal",40,8,,,
"Arms & Shoulders ","Feb 4, 2024, 7:58 AM","Feb 4, 2024, 9:01 AM","","Lat Pulldown (Cable)",,"",2,"normal",55,4,,,
"Arms & Shoulders ","Feb 4, 2024, 7:58 AM","Feb 4, 2024, 9:01 AM","","Lat Pulldown (Cable)",,"",3,"normal",40,8,,,
"Arms & Shoulders ","Jan 31, 2024, 11:28 PM","Feb 1, 2024, 12:33 AM","","Shrug (Dumbbell)",,"",0,"normal",5,11,,,
"Arms & Shoulders ","Jan 31, 2024, 11:28 PM","Feb 1, 2024, 12:33 AM","","Bicep Curl (Dumbbell)",,"",0,"normal",7,10,,,
"Arms & Shoulders ","Jan 31, 2024, 11:28 PM","Feb 1, 2024, 12:33 AM","","Bicep Curl (Dumbbell)",,"",1,"normal",7,8,,,
"Arms & Shoulders ","Jan 31, 2024, 11:28 PM","Feb 1, 2024, 12:33 AM","","Hammer Curl (Dumbbell)",,"",0,"normal",7,8,,,
"Arms & Shoulders ","Jan 31, 2024, 11:28 PM","Feb 1, 2024, 12:33 AM","","Lateral Raise (Dumbbell)",,"",0,"normal",5,8,,,
"Arms & Shoulders ","Jan 31, 2024, 11:28 PM","Feb 1, 2024, 12:33 AM","","Reverse Curl (Dumbbell)",,"",0,"normal",7,8,,,
"Arms & Shoulders ","Jan 31, 2024, 11:28 PM","Feb 1, 2024, 12:33 AM","","Reverse Curl (Dumbbell)",,"",1,"normal",7,8,,,
"Arms & Shoulders ","Jan 31, 2024, 11:28 PM","Feb 1, 2024, 12:33 AM","","Triceps Extension (Dumbbell)",,"",0,"normal",7,8,,,
"Arms & Shoulders ","Jan 31, 2024, 11:28 PM","Feb 1, 2024, 12:33 AM","","Arnold Press (Dumbbell)",,"",0,"normal",7,8,,,
"Arms & Shoulders ","Jan 31, 2024, 11:28 PM","Feb 1, 2024, 12:33 AM","","Front Raise (Dumbbell)",,"",0,"normal",7,8,,,
"Arms & Shoulders ","Jan 31, 2024, 11:28 PM","Feb 1, 2024, 12:33 AM","","Overhead Press (Dumbbell)",,"",0,"normal",7,8,,,
"Arms & Shoulders ","Jan 31, 2024, 11:28 PM","Feb 1, 2024, 12:33 AM","","Treadmill",,"",0,"normal",,,,360,
"Arms & Shoulders ","Jan 31, 2024, 11:28 PM","Feb 1, 2024, 12:33 AM","","Decline Crunch",,"",0,"normal",,10,,,
"Arms & Shoulders ","Jan 31, 2024, 11:28 PM","Feb 1, 2024, 12:33 AM","","Decline Crunch",,"",1,"normal",,8,,,
"Arms & Shoulders ","Jan 31, 2024, 11:28 PM","Feb 1, 2024, 12:33 AM","","Hanging Knee Raise",,"",0,"normal",,10,,,
"Arms & Shoulders ","Jan 31, 2024, 11:28 PM","Feb 1, 2024, 12:33 AM","","Hip Thrust (Barbell)",,"",0,"normal",50,10,,,
"Arms & Shoulders ","Jan 17, 2024, 4:54 AM","Jan 17, 2024, 5:35 AM","","Stretching",,"",0,"normal",,,,420,
"Arms & Shoulders ","Jan 17, 2024, 4:54 AM","Jan 17, 2024, 5:35 AM","","Shrug (Dumbbell)",,"",0,"normal",10,10,,,
"Arms & Shoulders ","Jan 17, 2024, 4:54 AM","Jan 17, 2024, 5:35 AM","","Bicep Curl (Dumbbell)",,"",0,"normal",10,8,,,
"Arms & Shoulders ","Jan 17, 2024, 4:54 AM","Jan 17, 2024, 5:35 AM","","Hammer Curl (Dumbbell)",,"",0,"normal",10,8,,,
"Arms & Shoulders ","Jan 17, 2024, 4:54 AM","Jan 17, 2024, 5:35 AM","","Triceps Extension (Dumbbell)",,"",0,"normal",10,4,,,
"Arms & Shoulders ","Jan 17, 2024, 4:54 AM","Jan 17, 2024, 5:35 AM","","Arnold Press (Dumbbell)",,"",0,"normal",10,7,,,
"Arms & Shoulders ","Jan 17, 2024, 4:54 AM","Jan 17, 2024, 5:35 AM","","Arnold Press (Dumbbell)",,"",1,"failure",7,3,,,
"Arms & Shoulders ","Jan 17, 2024, 4:54 AM","Jan 17, 2024, 5:35 AM","","Front Raise (Dumbbell)",,"",0,"normal",7,8,,,
"Arms & Shoulders ","Jan 17, 2024, 4:54 AM","Jan 17, 2024, 5:35 AM","","Lat Pulldown (Cable)",,"",0,"normal",40,8,,,
"Arms & Shoulders ","Jan 17, 2024, 4:54 AM","Jan 17, 2024, 5:35 AM","","Lat Pulldown (Cable)",,"",1,"normal",40,8,,,
"Arms & Shoulders ","Jan 17, 2024, 4:54 AM","Jan 17, 2024, 5:35 AM","","Lat Pulldown (Cable)",,"",2,"normal",55,7,,,
"Arms & Shoulders ","Jan 17, 2024, 4:54 AM","Jan 17, 2024, 5:35 AM","","Decline Crunch",,"",0,"normal",,10,,,
"Arms & Shoulders ","Jan 17, 2024, 4:54 AM","Jan 17, 2024, 5:35 AM","","Decline Crunch",,"",1,"normal",,8,,,
"Back & Chest ","Jan 17, 2024, 4:46 AM","Jan 17, 2024, 4:54 AM","","Stretching",,"",0,"normal",,,,420,
"Arms & Shoulders ","Jan 15, 2024, 4:35 AM","Jan 15, 2024, 4:55 AM","","Stretching",,"",0,"normal",,,,600,
"Arms & Shoulders ","Jan 15, 2024, 4:35 AM","Jan 15, 2024, 4:55 AM","","Shrug (Dumbbell)",,"",0,"normal",5,10,,,
"Arms & Shoulders ","Jan 15, 2024, 4:35 AM","Jan 15, 2024, 4:55 AM","","Bicep Curl (Dumbbell)",,"",0,"normal",5,8,,,
"Arms & Shoulders ","Jan 15, 2024, 4:35 AM","Jan 15, 2024, 4:55 AM","","Bicep Curl (Dumbbell)",,"",1,"normal",5,8,,,
"Arms & Shoulders ","Jan 15, 2024, 4:35 AM","Jan 15, 2024, 4:55 AM","","Hammer Curl (Dumbbell)",,"",0,"normal",7,8,,,
"Arms & Shoulders ","Jan 15, 2024, 4:35 AM","Jan 15, 2024, 4:55 AM","","Hammer Curl (Dumbbell)",,"",1,"normal",7,8,,,
"Arms & Shoulders ","Jan 15, 2024, 4:35 AM","Jan 15, 2024, 4:55 AM","","Lateral Raise (Dumbbell)",,"",0,"normal",5,8,,,
"Arms & Shoulders ","Jan 15, 2024, 4:35 AM","Jan 15, 2024, 4:55 AM","","Lateral Raise (Dumbbell)",,"",1,"normal",5,11,,,
"Arms & Shoulders ","Jan 15, 2024, 4:35 AM","Jan 15, 2024, 4:55 AM","","Reverse Curl (Dumbbell)",,"",0,"normal",5,8,,,
"Arms & Shoulders ","Jan 15, 2024, 4:35 AM","Jan 15, 2024, 4:55 AM","","Reverse Curl (Dumbbell)",,"",1,"normal",5,8,,,
"Arms & Shoulders ","Jan 15, 2024, 4:35 AM","Jan 15, 2024, 4:55 AM","","Triceps Extension (Dumbbell)",,"",0,"normal",5,8,,,
"Arms & Shoulders ","Jan 15, 2024, 4:35 AM","Jan 15, 2024, 4:55 AM","","Triceps Extension (Dumbbell)",,"",1,"normal",5,1,,,
"Arms & Shoulders ","Jan 15, 2024, 4:35 AM","Jan 15, 2024, 4:55 AM","","Front Raise (Dumbbell)",,"",0,"normal",5,8,,,
"Arms & Shoulders ","Jan 15, 2024, 4:35 AM","Jan 15, 2024, 4:55 AM","","Front Raise (Dumbbell)",,"",1,"failure",5,5,,,
"Arms & Shoulders ","Jan 15, 2024, 4:35 AM","Jan 15, 2024, 4:55 AM","","Overhead Press (Dumbbell)",,"",0,"normal",5,8,,,
"Arms & Shoulders ","Jan 15, 2024, 4:35 AM","Jan 15, 2024, 4:55 AM","","Overhead Press (Dumbbell)",,"",1,"normal",5,8,,,
"Legs","Dec 25, 2023, 7:02 PM","Dec 25, 2023, 7:15 PM","","Stretching",,"",0,"normal",,,,600,
"Legs","Dec 25, 2023, 7:02 PM","Dec 25, 2023, 7:15 PM","","Bulgarian Split Squat (Dumbbell)",,"",0,"normal",10,8,,,
"Legs","Dec 25, 2023, 7:02 PM","Dec 25, 2023, 7:15 PM","","Bulgarian Split Squat (Dumbbell)",,"",1,"normal",10,8,,,
"Legs","Dec 25, 2023, 7:02 PM","Dec 25, 2023, 7:15 PM","","Bulgarian Split Squat (Dumbbell)",,"",2,"normal",10,8,,,
"Legs","Dec 25, 2023, 7:02 PM","Dec 25, 2023, 7:15 PM","","Romanian Deadlift (Dumbbell)",,"",0,"normal",10,8,,,
"Legs","Dec 25, 2023, 7:02 PM","Dec 25, 2023, 7:15 PM","","Romanian Deadlift (Dumbbell)",,"",1,"normal",10,8,,,
"Legs","Dec 25, 2023, 7:02 PM","Dec 25, 2023, 7:15 PM","","Mountain Climber",,"",0,"normal",,8,,,
"Legs","Dec 25, 2023, 7:02 PM","Dec 25, 2023, 7:15 PM","","Mountain Climber",,"",1,"normal",,8,,,
"Legs","Dec 25, 2023, 7:02 PM","Dec 25, 2023, 7:15 PM","","Standing Calf Raise (Dumbbell)",,"",0,"normal",10,8,,,
"Legs","Dec 25, 2023, 7:02 PM","Dec 25, 2023, 7:15 PM","","Standing Calf Raise (Dumbbell)",,"",1,"normal",10,8,,,
"Legs","Dec 25, 2023, 7:02 PM","Dec 25, 2023, 7:15 PM","","Kettlebell Swing",,"",0,"normal",10,8,,,
"Legs","Dec 25, 2023, 7:02 PM","Dec 25, 2023, 7:15 PM","","Kettlebell Swing",,"",1,"normal",10,8,,,
"Legs","Dec 25, 2023, 7:02 PM","Dec 25, 2023, 7:15 PM","","Hanging Knee Raise",,"",0,"normal",,10,,,
"Back & Chest","Dec 25, 2023, 6:55 PM","Dec 25, 2023, 7:00 PM","","Stretching",,"",0,"normal",,,,600,
"Back & Chest","Dec 25, 2023, 6:55 PM","Dec 25, 2023, 7:00 PM","","Lat Pulldown (Cable)",,"",0,"normal",7,8,,,
"Back & Chest","Dec 25, 2023, 6:55 PM","Dec 25, 2023, 7:00 PM","","Lat Pulldown (Cable)",,"",1,"normal",7,8,,,
"Back & Chest","Dec 25, 2023, 6:55 PM","Dec 25, 2023, 7:00 PM","","Lat Pulldown (Cable)",,"",2,"normal",7,8,,,
"Back & Chest","Dec 25, 2023, 6:55 PM","Dec 25, 2023, 7:00 PM","","Around The World",,"",0,"normal",7,10,,,
"Back & Chest","Dec 25, 2023, 6:55 PM","Dec 25, 2023, 7:00 PM","","Bench Press (Dumbbell)",,"",0,"normal",7,8,,,
"Back & Chest","Dec 25, 2023, 6:55 PM","Dec 25, 2023, 7:00 PM","","Bench Press (Dumbbell)",,"",1,"normal",7,8,,,
"Back & Chest","Dec 25, 2023, 6:55 PM","Dec 25, 2023, 7:00 PM","","Bench Press (Dumbbell)",,"",2,"normal",7,8,,,
"Back & Chest","Dec 25, 2023, 6:55 PM","Dec 25, 2023, 7:00 PM","","Chest Fly (Dumbbell)",,"",0,"normal",7,8,,,
"Back & Chest","Dec 25, 2023, 6:55 PM","Dec 25, 2023, 7:00 PM","","Chest Fly (Dumbbell)",,"",1,"normal",7,8,,,
"Back & Chest","Dec 25, 2023, 6:55 PM","Dec 25, 2023, 7:00 PM","","Seated Cable Row - V Grip (Cable)",,"",0,"normal",7,8,,,
"Back & Chest","Dec 25, 2023, 6:55 PM","Dec 25, 2023, 7:00 PM","","Seated Cable Row - V Grip (Cable)",,"",1,"normal",7,8,,,
"Back & Chest","Dec 25, 2023, 6:55 PM","Dec 25, 2023, 7:00 PM","","Kneeling Push Up",,"",0,"normal",,7,,,
"Back & Chest","Dec 25, 2023, 6:55 PM","Dec 25, 2023, 7:00 PM","","Kneeling Push Up",,"",1,"normal",,7,,,
"Back & Chest","Dec 25, 2023, 6:55 PM","Dec 25, 2023, 7:00 PM","","Crunch",,"",0,"normal",,8,,,
"Back & Chest","Dec 25, 2023, 6:55 PM","Dec 25, 2023, 7:00 PM","","Crunch",,"",1,"normal",,8,,,
"Back & Chest","Dec 25, 2023, 6:55 PM","Dec 25, 2023, 7:00 PM","","Hanging Knee Raise",,"",0,"normal",,10,,,
"Back & Chest","Dec 25, 2023, 6:55 PM","Dec 25, 2023, 7:00 PM","","Hanging Knee Raise",,"",1,"normal",,10,,,
"Arms & Shoulders","Dec 25, 2023, 6:48 PM","Dec 25, 2023, 6:54 PM","","Stretching",,"",0,"normal",,,,600,
"Arms & Shoulders","Dec 25, 2023, 6:48 PM","Dec 25, 2023, 6:54 PM","","Shrug (Dumbbell)",,"",0,"normal",7,8,,,
"Arms & Shoulders","Dec 25, 2023, 6:48 PM","Dec 25, 2023, 6:54 PM","","Bicep Curl (Dumbbell)",,"",0,"normal",7,8,,,
"Arms & Shoulders","Dec 25, 2023, 6:48 PM","Dec 25, 2023, 6:54 PM","","Bicep Curl (Dumbbell)",,"",1,"normal",7,8,,,
"Arms & Shoulders","Dec 25, 2023, 6:48 PM","Dec 25, 2023, 6:54 PM","","Hammer Curl (Dumbbell)",,"",0,"normal",7,8,,,
"Arms & Shoulders","Dec 25, 2023, 6:48 PM","Dec 25, 2023, 6:54 PM","","Hammer Curl (Dumbbell)",,"",1,"normal",7,8,,,
"Arms & Shoulders","Dec 25, 2023, 6:48 PM","Dec 25, 2023, 6:54 PM","","Lateral Raise (Dumbbell)",,"",0,"normal",5,8,,,
"Arms & Shoulders","Dec 25, 2023, 6:48 PM","Dec 25, 2023, 6:54 PM","","Lateral Raise (Dumbbell)",,"",1,"normal",5,8,,,
"Arms & Shoulders","Dec 25, 2023, 6:48 PM","Dec 25, 2023, 6:54 PM","","Reverse Curl (Dumbbell)",,"",0,"normal",7,8,,,
"Arms & Shoulders","Dec 25, 2023, 6:48 PM","Dec 25, 2023, 6:54 PM","","Reverse Curl (Dumbbell)",,"",1,"normal",7,8,,,
"Arms & Shoulders","Dec 25, 2023, 6:48 PM","Dec 25, 2023, 6:54 PM","","Triceps Extension (Dumbbell)",,"",0,"normal",7,8,,,
"Arms & Shoulders","Dec 25, 2023, 6:48 PM","Dec 25, 2023, 6:54 PM","","Triceps Extension (Dumbbell)",,"",1,"normal",7,8,,,
"Arms & Shoulders","Dec 25, 2023, 6:48 PM","Dec 25, 2023, 6:54 PM","","Arnold Press (Dumbbell)",,"",0,"normal",7,8,,,
"Arms & Shoulders","Dec 25, 2023, 6:48 PM","Dec 25, 2023, 6:54 PM","","Arnold Press (Dumbbell)",,"",1,"normal",7,8,,,
"Arms & Shoulders","Dec 25, 2023, 6:48 PM","Dec 25, 2023, 6:54 PM","","Front Raise (Dumbbell)",,"",0,"normal",7,8,,,
"Arms & Shoulders","Dec 25, 2023, 6:48 PM","Dec 25, 2023, 6:54 PM","","Front Raise (Dumbbell)",,"",1,"normal",7,8,,,
"Arms & Shoulders","Dec 25, 2023, 6:48 PM","Dec 25, 2023, 6:54 PM","","Overhead Press (Dumbbell)",,"",0,"normal",7,8,,,
"Arms & Shoulders","Dec 25, 2023, 6:48 PM","Dec 25, 2023, 6:54 PM","","Overhead Press (Dumbbell)",,"",1,"normal",7,8,,,
"Arms & Shoulders","Dec 25, 2023, 6:48 PM","Dec 25, 2023, 6:54 PM","","Shoulder Press (Dumbbell)",,"",0,"normal",7,8,,,
"Arms & Shoulders","Dec 25, 2023, 6:48 PM","Dec 25, 2023, 6:54 PM","","Hanging Knee Raise",,"",0,"normal",,8,,,
"Arms & Shoulders","Dec 25, 2023, 6:48 PM","Dec 25, 2023, 6:54 PM","","Hanging Knee Raise",,"",1,"normal",,8,,,
"Arms & Back","Dec 25, 2023, 6:29 PM","Dec 25, 2023, 6:46 PM","","Stretching",,"",0,"normal",,,,600,
"Arms & Back","Dec 25, 2023, 6:29 PM","Dec 25, 2023, 6:46 PM","","Bicep Curl (Dumbbell)",,"",0,"normal",7,8,,,
"Arms & Back","Dec 25, 2023, 6:29 PM","Dec 25, 2023, 6:46 PM","","Bicep Curl (Dumbbell)",,"",1,"normal",7,8,,,
"Arms & Back","Dec 25, 2023, 6:29 PM","Dec 25, 2023, 6:46 PM","","Lat Pulldown (Cable)",,"",0,"normal",7,8,,,
"Arms & Back","Dec 25, 2023, 6:29 PM","Dec 25, 2023, 6:46 PM","","Lat Pulldown (Cable)",,"",1,"normal",7,8,,,
"Arms & Back","Dec 25, 2023, 6:29 PM","Dec 25, 2023, 6:46 PM","","Lat Pulldown (Cable)",,"",2,"normal",7,8,,,
"Arms & Back","Dec 25, 2023, 6:29 PM","Dec 25, 2023, 6:46 PM","","Reverse Curl (Dumbbell)",,"",0,"normal",7,8,,,
"Arms & Back","Dec 25, 2023, 6:29 PM","Dec 25, 2023, 6:46 PM","","Reverse Curl (Dumbbell)",,"",1,"normal",7,8,,,
"Arms & Back","Dec 25, 2023, 6:29 PM","Dec 25, 2023, 6:46 PM","","Triceps Extension (Dumbbell)",,"",0,"normal",7,8,,,
"Arms & Back","Dec 25, 2023, 6:29 PM","Dec 25, 2023, 6:46 PM","","Triceps Extension (Dumbbell)",,"",1,"normal",7,8,,,
"Arms & Back","Dec 25, 2023, 6:29 PM","Dec 25, 2023, 6:46 PM","","Hammer Curl (Dumbbell)",,"",0,"normal",7,8,,,
"Arms & Back","Dec 25, 2023, 6:29 PM","Dec 25, 2023, 6:46 PM","","Hammer Curl (Dumbbell)",,"",1,"normal",7,8,,,
"Arms & Back","Dec 25, 2023, 6:29 PM","Dec 25, 2023, 6:46 PM","","Kneeling Push Up",,"",0,"normal",,7,,,
"Arms & Back","Dec 25, 2023, 6:29 PM","Dec 25, 2023, 6:46 PM","","Kneeling Push Up",,"",1,"normal",,7,,,
"Arms & Back","Dec 25, 2023, 6:29 PM","Dec 25, 2023, 6:46 PM","","Around The World",,"",0,"normal",7,10,,,
"Arms & Back","Dec 25, 2023, 6:29 PM","Dec 25, 2023, 6:46 PM","","Bench Press (Dumbbell)",,"",0,"normal",7,8,,,
"Arms & Back","Dec 25, 2023, 6:29 PM","Dec 25, 2023, 6:46 PM","","Bench Press (Dumbbell)",,"",1,"normal",7,8,,,
"Arms & Back","Dec 25, 2023, 6:29 PM","Dec 25, 2023, 6:46 PM","","Bench Press (Dumbbell)",,"",2,"normal",7,8,,,
"Arms & Back","Dec 25, 2023, 6:29 PM","Dec 25, 2023, 6:46 PM","","Chest Fly (Dumbbell)",,"",0,"normal",7,8,,,
"Arms & Back","Dec 25, 2023, 6:29 PM","Dec 25, 2023, 6:46 PM","","Chest Fly (Dumbbell)",,"",1,"normal",7,8,,,
"Arms & Back","Dec 25, 2023, 6:29 PM","Dec 25, 2023, 6:46 PM","","Pull Up",,"",0,"normal",,10,,,
"Arms & Back","Dec 25, 2023, 6:29 PM","Dec 25, 2023, 6:46 PM","","Pull Up",,"",1,"normal",,10,,,
"Cardio","Dec 25, 2023, 6:25 PM","Dec 25, 2023, 6:28 PM","","Stretching",,"",0,"normal",,,,600,
"Cardio","Dec 25, 2023, 6:25 PM","Dec 25, 2023, 6:28 PM","","Treadmill",,"",0,"normal",,,,600,
"Cardio","Dec 25, 2023, 6:25 PM","Dec 25, 2023, 6:28 PM","","Treadmill",,"",1,"normal",,,,600,
"Cardio","Dec 25, 2023, 6:25 PM","Dec 25, 2023, 6:28 PM","","Treadmill",,"",2,"normal",,,,300,
"Cardio","Dec 25, 2023, 6:25 PM","Dec 25, 2023, 6:28 PM","","Treadmill",,"",3,"normal",,,,300,
"Cardio","Dec 25, 2023, 6:25 PM","Dec 25, 2023, 6:28 PM","","Crunch",,"",0,"normal",,8,,,
"Cardio","Dec 25, 2023, 6:25 PM","Dec 25, 2023, 6:28 PM","","Crunch",,"",1,"normal",,8,,,
"Cardio","Dec 25, 2023, 6:25 PM","Dec 25, 2023, 6:28 PM","","Decline Crunch",,"",0,"normal",,8,,,
"Cardio","Dec 25, 2023, 6:25 PM","Dec 25, 2023, 6:28 PM","","Decline Crunch",,"",1,"normal",,8,,,
"Cardio","Dec 25, 2023, 6:25 PM","Dec 25, 2023, 6:28 PM","","Decline Crunch",,"",2,"normal",,8,,,